,Kichwa,Spanish,Etiqueta
0,abya yala,continente americano,neutro
1,abyalami chawchuri rikurimanta,racismo en américa,negativo
2,allpapi tiyashkakuna,accidentes geograficos,neutro
3,wayku,acequia,neutro
4,achachilasa,antepasados,neutro
5,achik,"claro, luz",neutro
6,achik mama,madrina,neutro
7,achik wawa,"ahijado, ahijada",neutro
8,achik yaya,padrino,neutro
9,achiksamaytu,ozono,neutro
10,achikshumaytu,ozono,neutro
11,achikyachina,aclarar,positivo
12,achikyana,aclarar,positivo
13,achka,mucho,positivo
14,achkak,suficiente,positivo
15,ahak,ofensor,negativo
16,ahay,"ofender, ofensa",neutro
17,akapi,cebada,neutro
18,akcha,"pelo, cabello",neutro
19,akcha kara,cuero cabelludo,neutro
20,akllashka chani,muestra estadística,neutro
21,akllawarmi,virgen,neutro
22,akllay,escoger,positivo
23,akna,ceremonia,neutro
24,akna,ceremonia,neutro
25,akukutinchik,múltiplo del gramo,neutro
26,akuna,masticar,neutro
27,akuy,vil,neutro
28,alakay,alcanzar,positivo
29,alapana,"pegar, adherir",neutro
30,alaparina,"apegarse, aferrarse",positivo
31,allana,excavar,neutro
32,allawka,derecha (mano,neutro
33,allawka,derecho,positivo
34,alli,"bien, bueno",positivo
35,alli maki,mano derecha,neutro
36,allichi,adorno,positivo
37,allichina,arreglar,positivo
38,allichiy,arreglar,positivo
39,allikachina,gustar,positivo
40,allikay,"salud, bneficio",positivo
41,allikillkay,ortografía.,positivo
42,allikillkay,ortografía,positivo
43,allimanta,"despacio, de buena manera",positivo
44,allimikuy,nutrición,positivo
45,allin,magnifico,positivo
46,alliyana,"sanar, curar",positivo
47,alliyay,recuperar la salud,positivo
48,allku,perro,neutro
49,allpa,"tierra, suelo",neutro
50,allpa kara,corteza terrestre,neutro
51,allpa khiwa,hierba rastrera,negativo
52,allpachawpipacha muyuy,línea ecuatorial,neutro
53,allpachinkari,erosión,negativo
54,allpachinkariy,erosión,negativo
55,allpachukchuy,temblor,negativo
56,allpakamay saywachi,geografía política,neutro
57,allpakutik,movimiento de nutación,neutro
58,allpamama chaska,planeta tierra,neutro
59,allpamamakamay,geografía,neutro
60,allpamamapi rikuchi,ubicación geográfica,neutro
61,allpampay,superficie de la tierra,neutro
62,allpamuyuy,movimiento de traslación,positivo
63,allpanpa,superficial,neutro
64,allpapacha,continente,neutro
65,allpapachakak,natural,positivo
66,allpapachapampa,superficie de la tierra,neutro
67,allpapachapi tiyak chalwakuna,recursos ictiológicos,positivo
68,allpapachapi tiyak chukikuna,recursos mineros,positivo
69,allpapachapi tiyak yakukuna,recursos hidrográfico,positivo
70,allpapachapi tiyak yurakuna,recursos forestales,positivo
71,allpapachapi tiyakuna,recursos naturales,positivo
72,allpapiruruy,movimiento de rotación,positivo
73,allparantikillka,escritura,positivo
74,allpashuyu,mapa,neutro
75,allpashuyukamay,cartografía,neutro
76,allpawaklliyay,erosión,negativo
77,allpawira,petróleo,neutro
78,"allpawira, wisisi",petróleo,neutro
79,allpawku,subterráneo,neutro
80,allpañan,vía terrestre,negativo
81,allpañutuchina,desterronar,negativo
82,almut,almud (25 lib,neutro
83,ama llulla,honestidad,positivo
84,amapuna,traer,neutro
85,amaru,serpiente,neutro
86,amawta,científico,positivo
87,amawta yachay,contenido científico,positivo
88,amawtay,ciencia,positivo
89,amañana,adaptar,positivo
90,amañana,adaptar,positivo
91,amañarina,adaptarse,positivo
92,amañariy,adaptación,positivo
93,amita,sopa,neutro
94,ampana,bostezar,negativo
95,amsa,opaco,negativo
96,amsayana,ocultar el sol,neutro
97,amukay,suavidad,positivo
98,amulliy,poner algo en la boca,positivo
99,ana,lunar,neutro
100,anaku,falda,neutro
101,anchachilasa,antepasados,neutro
102,anchakuyay,pasión de vehemencia amorosa,positivo
103,anchallpa,globo terráqueo,neutro
104,anchallpakamay,geopolítica,neutro
105,anchayupay,importancia,positivo
106,anchuchina,"quitar, sustraer",negativo
107,anchuchiy,quitar,negativo
108,anchuna,"irse de casa, moverse de sitio",negativo
109,anchuriy,retirarse,negativo
110,anchuy,retirada,negativo
111,anka,gallinazo,neutro
112,ankana,volar,positivo
113,ankas,azul,neutro
114,ankas tapa wara,blue jean,neutro
115,ankay,ceremonial,positivo
116,ankichik,radio emisor,neutro
117,ankiyachik,radio receptor,neutro
118,anku,"vena, arteria",neutro
119,ankuyana,marchitarse envecer,negativo
120,anta,metal,neutro
121,antaki,plomo,neutro
122,antakullki,monedas,neutro
123,antanikik,computadora,neutro
124,antanikik chaski,correo electrónico,neutro
125,antapachachik,reloj mecánico,positivo
126,antawa,"coche, carro",neutro
127,antayari,radio,neutro
128,antayay,metalúrgico,neutro
129,antisuyu,región amazónica,positivo
130,apana,llevar,positivo
131,apanakuy,llevarse - relacionarse,positivo
132,apankara,cáncer(enfermedad,negativo
133,apankura,cáncer (signo,neutro
134,aparikanta,medios de transporte,neutro
135,aparina,cargar,neutro
136,apariykancha,medios de transporte,positivo
137,apay,"guiar, conducir",positivo
138,api,"colada, mazamorra",positivo
139,apuk,ancestros,positivo
140,apuk,líder-autoridad,positivo
141,apukkuna,autoridades,positivo
142,apukkuna tantaripacha,período de integración,positivo
143,apukkuna tantatripacha,período de integración,positivo
144,apuktukushka,emperador,neutro
145,apunchik,dios,positivo
146,apunchikamay,religión,positivo
147,apunchikwasi,iglesia,neutro
148,apuskachak,soberbio,negativo
149,apyayala,continente americano,neutro
150,apyayalapi chawchuri rikurimanta,racismo en américa,negativo
151,apyu,caballo,neutro
152,arawik,poeta,positivo
153,thiyu,arena,neutro
154,arina,estrenar,positivo
155,arinichina,convencer,positivo
156,arinina,"acceder, consentir",positivo
157,arininakuy,"acuerdo, tratado",positivo
158,arininakuy,"acuerdos, tratados",positivo
159,ayñi,arma,negativo
160,armana,bañar,positivo
161,ashanka,canasto,neutro
162,ashankayrumpa,básquet,neutro
163,ashnana,oler,positivo
164,ashtarina,"mobilizarse, transportarse, moverse.",positivo
165,asichik,hazmereír,negativo
166,asichisiki,chistoso,positivo
167,asina,reír,positivo
168,asinayay,"chistoso, que causa risa",positivo
169,asipayak,burlón,negativo
170,aspi,guión,positivo
171,aspina,"rascar, subrayar,",neutro
172,atallpa,gallina,neutro
173,atam,"parásito,",negativo
174,ataw,jóvez.,positivo
175,atawchay,fortuna,positivo
176,atawchayuk,afortunado,positivo
177,atina,vencer,positivo
178,atipay,conquista,positivo
179,atiy,poder,positivo
180,atsiyana,estornudar,negativo
181,atuk,lobo,neutro
182,atukamay,industria,neutro
183,atukay,industria,neutro
184,atukayashka pukuy,producción industrial,neutro
185,atyak,babosa,neutro
186,awaki,lunes,neutro
187,awaki puncha,lunes,neutro
188,awana,tejer,positivo
189,awayllamkay,obraje,neutro
190,awika,variedad,positivo
191,awka,"militar, soldado",neutro
192,awkakancha,ejército,neutro
193,awkarik puncha,martes,neutro
194,awkaruna,pagano,neutro
195,awkawasi,cuartel,neutro
196,awki,"principe, noble",positivo
197,aya uma,"personaje mitologico que lidera el inti raymi, materializacion de las energias de la pacha mama",positivo
198,aycha,carne,neutro
199,aycha,"carne, cuerpo",neutro
200,ayllu,familia,positivo
201,ayllu chariy,poseer familia,positivo
202,ayllu shuti,apellidos (antroponimio,neutro
203,ayllullanikipushak,monarquía,neutro
204,ayllumallki,arbol genealógico,positivo
205,ayllunikiyashka,grados de afinidad,positivo
206,aymuray,mayo,neutro
207,aymuray killa,mayo,neutro
208,aynikuy,participación,positivo
209,aynina,convivir,positivo
210,ayninakuy,participativa,positivo
211,ayriwa,abril,neutro
212,ayriwa killa,abril,neutro
213,aysana,"halar, cosechar",positivo
214,aysana,arrastrar,negativo
215,ayñi,arma,neutro
216,añaki,bacteria,negativo
217,añanku,hormiga,neutro
218,añas,zorro,neutro
219,añaw,virus,negativo
220,chachina,masticar,neutro
221,chakana,cruzar,negativo
222,chakariy,cruzamiento,neutro
223,chakata tullu,clavícula,neutro
224,chakcha,alabanza,positivo
225,chaki,pie,neutro
226,chaki ruka,dedo del pie,neutro
227,chaki sillu,uña del dedo del pie,neutro
228,chaki uku,planta del pie,neutro
229,chaki washa,talon,neutro
230,chakichina,secar,negativo
231,chakina,secar,negativo
232,chakishka,seco,negativo
233,chakishkapacha,sequía,negativo
234,chakllamanyachi,paralelogramo,positivo
235,chaklli,quìmico,neutro
236,chakllisinchi,química,neutro
237,chakra,sementera,neutro
238,chakrakamay,"agricultura, agrícola",positivo
239,chakrakamay,agricultura,positivo
240,chakrana,cultivar,positivo
241,chakrawiwakamay,agropecuaria,positivo
242,chakru,mixto o combinado,positivo
243,chakruy,composición,positivo
244,challay,rito,neutro
245,challay,rito,neutro
246,challwa,pez,neutro
247,challwa kapina,pescar,positivo
248,challwakamay,"pesca, pesquera, ictiología",positivo
249,chani,valor,positivo
250,chani–kuska,lugar turístico,positivo
251,chanichina,valorar,positivo
252,chanikuna,datos,positivo
253,chanina,valorar,positivo
254,chaniyay,valencia,neutro
255,chaniyuk,"caro, de valor en dinero",negativo
256,chanka,pierna,neutro
257,chantasu,llama,neutro
258,chapak,policía,positivo
259,chapak kamaypaktachi,intendencia de policía,positivo
260,chapak kamaypaktachi puhak,comando provincia de policía,positivo
261,chapak kamaypaktachi puhask,comando provincia de policía,positivo
262,chapana,vigilar,positivo
263,chapuna,mezclar,neutro
264,chapuri,composición,positivo
265,chapuriy,combinación,positivo
266,charik,rico,positivo
267,charikyana,"enriquecer, ganar dinero, acumular(se",positivo
268,charina,tener,positivo
269,charinayay,tesoro,positivo
270,charirashka rumpa,balón sostenido,positivo
271,charirashka yasiy,balón sostenido,positivo
272,charishkata killkakamachiy,registro de la propiedad,positivo
273,chashnalla,solamente asi o de esa manera.,neutro
274,chaska puncha,viernes,neutro
275,chaska rikuchik,telescopio,neutro
276,chaskakancha,constelación,positivo
277,chaskancha,constelación,neutro
278,chaski shuyulli,sello postal / timbre postal,neutro
279,chaskichik,recibo,neutro
280,chaskik,relevo,positivo
281,chaskilli,buzón de correo / casillero de correo,neutro
282,chaskina,recibir,positivo
283,chaskinancha,codominio,neutro
284,chawa,crudo,negativo
285,chawar,"cabuya, penco",neutro
286,chawcha,"delicado, fecundo, rápido de madurar",positivo
287,chawchuy,origen,neutro
288,chawpi,medio-mitad,neutro
289,chawpi kawsaypacha makanakuy,guerra medieval,negativo
290,chawpi pukcha,medio quintal,neutro
291,chawpi puncha,medio día,neutro
292,chawpi tuta,media noche,neutro
293,chawpi wata,medio año,neutro
294,chawpi yachay,segundo nivel de educación media,positivo
295,chawpihanika,media fanega 120 lb,neutro
296,chawpikakuna,medios,neutro
297,chawpikuska,semirrecta,neutro
298,chawpikutirik,media geométrica,neutro
299,chawpina,partir,negativo
300,chawpipampa,semiplano,neutro
301,chawpisuyu,región central,positivo
302,chawpiyak,media aritmética,neutro
303,chawpiyak chanikuna,medidas de tendencia central,neutro
304,chawpiyamuk,mediana,neutro
305,chawra,combustible,neutro
306,chayana,llegar,neutro
307,chayllatak,sinónimo,neutro
308,chayman,directo,neutro
309,chayniyak,distancia,neutro
310,chaypikana,asistir,positivo
311,chayra,aun,neutro
312,chayrak,todavia,neutro
313,chayrak ama,todavia no,neutro
314,chayshinaya,copia,neutro
315,chayshuk,"otro, otra (siguiente",neutro
316,chayshuk kawsay,otra vida,positivo
317,chaysinaya,copia,neutro
318,chaytalla,solamente,neutro
319,chaytu,fantasma,negativo
320,chichuna,fecundar,positivo
321,chika,tamaño/ verdad,neutro
322,chikan,diferente/ raro/ estraño,neutro
323,chikanchik iñu,punto aparte.,neutro
324,chikanchik iñu,punto aparte,neutro
325,chikanrakikyuk pakiyupaykuna,fracciones heterogéneas,neutro
326,chikanyana,diferenciar,neutro
327,chikanyay,diferente o distinto,neutro
328,chikchichak,coqueto/a,positivo
329,chikchichay,"coquetear, coqueteo",positivo
330,chiknina,odiar,negativo
331,chikta,"partido, resquebrajado",negativo
332,chiktana,"partir, rajar la madera",negativo
333,chilina,naranja,neutro
334,chillay,miércoles,neutro
335,chillay puncha,miércoles,neutro
336,chillka,chilca,neutro
337,chimay,descubrir una adivinanza,positivo
338,chimiyana,"surgir, emerger, germinar",positivo
339,chimlasay,bióxido de carbono,negativo
340,chimpamanyaypurachi,seno,neutro
341,chimpamanyaypurachimuy,cosecante,neutro
342,chimpamanyaypuramunchi,cosecante,neutro
343,chimpamanyaypuranchi,seno,neutro
344,chimpana,cruzar,neutro
345,chimpanakuy,antónimo,neutro
346,chimpapurachi,relación,positivo
347,chimpapuranakuna,debatir,positivo
348,chimpapuranakuy,debate,neutro
349,chimpapuraychiy,comparación o relacionamiento,neutro
350,chimpaykuchukuna,ángulo opuesto por el vértice,neutro
351,chinaku,"homosexual, gay",neutro
352,chinawakra,"hembra, femenino para animales",neutro
353,chinchaysuyu,norte,neutro
354,chiniku,minuto,neutro
355,chinilla,segundo,neutro
356,chinkana,"perderse, desaparecer",negativo
357,chinkay,perder,neutro
358,chinlli,desayuno,neutro
359,chiri,frío,neutro
360,chirikunuy,clima,neutro
361,chirimuya,chirimoya,neutro
362,chirina,hacer frio,negativo
363,chiriwrku,paramo,neutro
364,chishi,tarde,neutro
365,chita,"chivo, cabra",neutro
366,chiwila,piña,neutro
367,chucha,rapoza,negativo
368,chuchi,pollo,neutro
369,chuchu,seno,neutro
370,chuhama,nieto,neutro
371,chukchina,recoger la sobra,negativo
372,chukchu unkuy,paludismo,negativo
373,chukchuk,tembloroso,negativo
374,chukchuna,temblar,negativo
375,chuki,mineral,neutro
376,chukikamay,"minera, minería",negativo
377,chukillankay,mitas,negativo
378,chukllu,choclo,neutro
379,chukri,herida,negativo
380,chukrichiy,herir,negativo
381,chukrina,lastimarse,negativo
382,chukrishka,herido/a,negativo
383,chukriy,herir,negativo
384,chukriyku,ulcera,negativo
385,chuku,"casco, celada",neutro
386,chukuri,comadreja,neutro
387,chullachishka kutinkutinchikyuk puchu,diferencia de exponentes impares,neutro
388,chullachishka yupay,número impar,neutro
389,chullashka kimsamanyachi,triángulo escaleno,neutro
390,chullayashka yupay,número impar,neutro
391,chullpi,chulpi,neutro
392,chumpi,faja,neutro
393,chumpiku,cinta,neutro
394,chunka,"diez, 10",neutro
395,chunka shuk,"once, 11",neutro
396,chunkachik hillay,material decimal,neutro
397,chunkachishka yupaychikakunata,representación polinómica del,neutro
398,chunkakri,décimo,neutro
399,chunkalli,decimal,neutro
400,chunkana,juego de azar,neutro
401,chunkayllichik,sistema decimal,neutro
402,chuntapalashka,embrujado,negativo
403,chupu,tumor,negativo
404,churana,"ropa, ponerse la ropa, llevar puesto",neutro
405,churanakuna,vestimenta,neutro
406,churi,hijo,neutro
407,churu,caracol,neutro
408,chushak,vacío,neutro
409,chushik,lechuza,neutro
410,chusku,"cuatro, 4",neutro
411,chusku chunka,"cuarenta, 40",neutro
412,chusku patsak,"cuatrocientos, 400",neutro
413,chuskuchishka pampa,plano bidimensional (cartesiano,neutro
414,chuskumanyachi,cuadrilátero,neutro
415,chuspi,mosca,neutro
416,chutana,halar,neutro
417,chutarik,elasticidad,positivo
418,chutarina,"estirarse, ponerse en el suelo",neutro
419,chuya,aguado,negativo
420,chuyaklla yaku,agua potable,positivo
421,chuyakllachina,potabilizar,positivo
422,chuyakllachiy,potabilización,positivo
423,chuyayana,asear,positivo
424,chuyayay,desinfección,positivo
425,chuyayay,aseo,positivo
426,hachun,"nuera, cuñada",neutro
427,hallmana,desyerbar,positivo
428,hampatu,rana,neutro
429,hampi,"curación, medicina",positivo
430,hampik ikay,seguro medico,positivo
431,hampikillkalli,receta medica,positivo
432,hampina,curar,positivo
433,hampiwasi,"centro de salud, hospital",positivo
434,hamuktana,entender,positivo
435,hamutana,comprender:,positivo
436,hamutay,comprensión/ comprender,positivo
437,hanika,fanega,neutro
438,hankana,desequilibrar,negativo
439,hankay,desequilibrio,negativo
440,hantsa,páncreas,neutro
441,hapina,"coger, agarrar",neutro
442,haplla,descomedido,negativo
443,harkana,atrancar,negativo
444,harkana,cercar,neutro
445,harkarina,tolerancia,positivo
446,harkariy,atascarse,negativo
447,harkashka shimiki,sílabas trabadas.,negativo
448,hatarikuna,manifestaciones,neutro
449,hatariy,levantamiento,neutro
450,hatun,grande,neutro
451,hatun apuktukushka,señoríos,neutro
452,hatun hallmay,aporque,neutro
453,hatun hatun runa,gigante,neutro
454,hatun ishpa,caca,negativo
455,hatun kahas,macizo (montaña grande,positivo
456,hatun kaksas,macizo (montaña grande,positivo
457,hatun mama,abuela,negativo
458,hatun paktay,objetivo general,positivo
459,hatun rikuchik,indicador general,positivo
460,hatun wankurikuna,organizaciones nacionales,positivo
461,hatun yachay,tercer nivel de educación superior,positivo
462,hatun yaya,abuelo,neutro
463,hatuna,vender,positivo
464,hatuna pampa,mercado,neutro
465,hatuna wasilli,"kiosko, chiringuito",neutro
466,hatunkay,grandeza,positivo
467,hatunkillka,mayúscula,neutro
468,hatunkucha,mar,neutro
469,hatunyachanawasi,universidad,neutro
470,hawa,arriba,neutro
471,hawachiy,alzar,positivo
472,hawahawalla,superficialmente,negativo
473,hawakara,epidermis,neutro
474,hawakarak,"epidermico, relativo a la epidermis",neutro
475,hawalla,superficial,negativo
476,hawalla shimiki,sílaba simple.,neutro
477,hawallallpa,suelo,neutro
478,hawapacha,"espacio, cielo",neutro
479,hawaykawsay,civilización,neutro
480,hawchashka,ensalada,neutro
481,hayak,"amargo, hiel, bilis",negativo
482,hayak muyu,pimienta,neutro
483,haytaypukllay,futbol,neutro
484,hayñi,derecho,positivo
485,hikama,jícama,neutro
486,hillay,implemento,neutro
487,hillaykuna,instrumentos,neutro
488,hillaysapa,aparato,neutro
489,hilli,sopa,neutro
490,hita,pozo,neutro
491,hondonada,pukru,neutro
492,huchu kiru,muela,neutro
493,huku ukuyayllika,secreccion endogeno,neutro
494,hukukanllayay,secrecion exogeno,neutro
495,hukurillawsallika,sistema excretor,neutro
496,humpi,sudor,negativo
497,humpina,sudar,neutro
498,hunina,conjugar,neutro
499,hunkay,semana,negativo
500,hunkay,semana,negativo
501,hunta,lleno,negativo
502,hunu,"millón, 1000000",neutro
503,hutkunantak,taladro,neutro
504,huña,moco,negativo
505,ichanik,duda,negativo
506,ichanik yuyal,oración dubitativa.,positivo
507,ichanik yuyay,oración dubitativa,positivo
508,illak,"cero, 0",neutro
509,illana,"no haber, ausentar",negativo
510,illapa,arma de fuego (escopeta,negativo
511,illay,faltar,negativo
512,ima rikunchikuna,causa,neutro
513,imachik,verbo,neutro
514,imachik yuyayki,frase verbal,neutro
515,imachikkuna,verbos,neutro
516,imak,sujeto,neutro
517,imakak,característica,positivo
518,imakay,concepto.,neutro
519,imakay,concepto,neutro
520,imakay sapsikuna,características generales,positivo
521,imakaychina,conceptualizar,positivo
522,imakaychinamanta,conceptualización,positivo
523,imallichik,adverbio,neutro
524,imamantachiy,justificación,positivo
525,imanik,predicado,neutro
526,imapash,cualquier cosa,neutro
527,imarayku,causas,negativo
528,imaruran,consecuencias,neutro
529,imaruray,función,neutro
530,imashinakan,formas,neutro
531,imatukuna,acontecer.,positivo
532,imatukuna,acontecer,positivo
533,imatukuy,"acontecimiento, suceder",positivo
534,imayay,materia,neutro
535,imaykuna,elementos,neutro
536,imilla,adolescente (hombre),neutro
537,inchi,maní,neutro
538,inti,"sol, (intipuncha) domingo",neutro
539,inti llika,sistema solar,positivo
540,inti puncha,domingo,neutro
541,inti suyu,este,positivo
542,intikinrayllipyay,solsticios,positivo
543,intillayayllipyay,equinoccio,positivo
544,intillika,sistema solar,positivo
545,intiraymi,fiesta de sol,positivo
546,intishayakllipyay,equinoccio,positivo
547,intiwayllashka,fotosíntesis,positivo
548,ishkantinpurachi,sobreyectiva,neutro
549,ishkay,"dos, 2",neutro
550,ishkay chunka,"veinte, 20",neutro
551,ishkay patsak,"docientos, 200",neutro
552,ishkaychishka kutinkutinchikyuk yapa,suma de potencias con exponente par,neutro
553,ishkaychishka yupay,número par,neutro
554,ishkaykillkanancha kutinchiy,factorización de binomios,neutro
555,ishkaymanpurachi,biyectiva,neutro
556,ishkayniki kallari yachay,segundo nivel,neutro
557,ishkaynikichishka iñu,par ordenado,positivo
558,ishkaynipa yuyal,oración bimembre,positivo
559,ishkaynipa yuyay,oración bimembre,positivo
560,ishkaypakta kimsamanyaychi,triángulo isósceles,neutro
561,ishpa phuru,vejiga,neutro
562,iskun,"nueve, 9",neutro
563,iskun chunka,"noventa, 90",neutro
564,iskun patsak,"novecientos, 900",neutro
565,ismuwanu,compost,neutro
566,isru,aro,neutro
567,iwila,shampoo natural (planta,positivo
568,iñina,creer,positivo
569,iñiy,"creencia, creer",positivo
570,iñu uchilla suyukuna,puntos colaterales,positivo
571,iñuku,átomo,neutro
572,iñuwa,molécula,neutro
573,kachachik,imperativo,positivo
574,kachachik yuyay,oración imperativa,positivo
575,kachamuna,"mandar, enviar",positivo
576,kacharishka,libre,positivo
577,kachi,sal,neutro
578,kachipurawa,borraja,neutro
579,kahaskancha,cordillera,negativo
580,kahasmuku,nudos (de cordillera,negativo
581,kakatsu,lagaña,negativo
582,kakchiy,definición,positivo
583,kakrikuchina,describir.,positivo
584,kakrikuchina,describir,positivo
585,kaksaskancha,cordillera,neutro
586,kaksaskuna,accidentes geográficos,negativo
587,kaksasmuku,nudos (de cordillera,negativo
588,kaksasuyu pampa,area andina,positivo
589,kaktarikuchik,físico (estructura,positivo
590,kakunamaki,desafío,negativo
591,kakwillay,certificado,positivo
592,kakwillay,certificado.,positivo
593,kalak,débil,negativo
594,kalak,débil,negativo
595,kallampa,hongo,neutro
596,kallanpa,hongo,neutro
597,kallari yachay,primer nivel de educación básica,positivo
598,kallari yuyay,introducción,positivo
599,kallarillaktayku,primeros pobladores,positivo
600,kallarinancha,dominio,positivo
601,kallariy,"presentación, inicio",positivo
602,kallariy yachay,educación básica.,positivo
603,kallariyuyay,presentación,positivo
604,kallpa,vigor,positivo
605,kallpana,correr,positivo
606,kallpanakuy,atletismo,positivo
607,kallpay,correr,neutro
608,kalluwatariy,trabalengua,neutro
609,kamachashka,protegido,positivo
610,kamachay,proteger,positivo
611,kamachik,"legislador, consejero",positivo
612,kamachik atiy,poder legislativo,positivo
613,kamachik wasi,corte superior de justicia,positivo
614,kamachikamay,administración,positivo
615,kamachikkuna,leyes,positivo
616,kamachina,"consejo, exhoracion",positivo
617,kamachipuk,legislativo,positivo
618,kamachipuk tay,poder legislativo,positivo
619,kamachipuy,legislar,positivo
620,kamachiy,aconsejar,positivo
621,kamakay,higiene,positivo
622,kamana,cuidar/ abundancia,positivo
623,kamanayay,precaución,positivo
624,kamari,regalo,positivo
625,kamari,ofrenda,positivo
626,kamay,cuidar/proteccion,positivo
627,kamay paktachi atiy,poder judicial,positivo
628,kamayku,evaluación,neutro
629,kamaykuchiy,verificación,positivo
630,kamaykuna,evaluar,neutro
631,kamaykurina,auto evaluar.,positivo
632,kamaykurina,auto evaluar,positivo
633,kamaykuriy,auto-evaluación,positivo
634,kamaykuy,evaluación,neutro
635,kamaypakta,mandato,negativo
636,kamayuk,"cuidador, facultades de autoridad",neutro
637,kamayuk wasi,ministerio,neutro
638,kamikuy,agravio,negativo
639,kamu,libro,neutro
640,kamukuska,biblioteca,neutro
641,kamuti,camote,neutro
642,kamuyachik,imprenta,neutro
643,kan,tú,neutro
644,kana,ser / estar,neutro
645,kancha,afuera,neutro
646,kancha shuti,sustantivo colectivo,neutro
647,kanchachani milka,cuadro estadístico,neutro
648,kanchachani shuyu,gráfico estadístico,neutro
649,kanchachanikamay,estadística,positivo
650,kanchaman,hacia fuera,neutro
651,kanchayashka,convexo,neutro
652,kanchis,"siete, 7",neutro
653,kanchis chunka,"setenta, 70",neutro
654,kanchis patsak,"setecientos, 700",neutro
655,kankuna,ustedes / vosotros,neutro
656,kanllayay,externo,neutro
657,kapak,diciembre,neutro
658,kapak apuk,gobierno,neutro
659,kapak killa,diciembre,neutro
660,kapak llakta,reino,neutro
661,kapak saylla,meridiano,neutro
662,kapak shuyu,mapa político,neutro
663,kapakchi tantanakuy,organización política,neutro
664,kapakchunkana,ajedréz,neutro
665,kapakkamay,política,neutro
666,kapakllakta,imperio,positivo
667,kapakmarka,"imperio, reinado",positivo
668,kapaktukukamay,politica,neutro
669,kapasaylla,meridiano,neutro
670,kapisayu,"poncho, alargado y entero (kitukara).",neutro
671,kapisayu,"poncho, alargado y entero",neutro
672,kapuk,producto,neutro
673,kapulli,capulí,neutro
674,kara,"corteza, piel, cáscara",neutro
675,karana,dar regalo.,positivo
676,karaskruyuwa,crustáceos,neutro
677,kari,hombre,neutro
678,kari atallpa,gallo,neutro
679,karilla,gallardo,positivo
680,karipurakuyay,homosexualidad,neutro
681,kariwarmikanakamay,sexualidad,neutro
682,karkanka,esqueleto,neutro
683,karkay,vertebrado,negativo
684,karu,lejos,negativo
685,karuwillay,telegrama,neutro
686,karuyari,teléfono,neutro
687,karuyarik wasilli,cabina telefonica,negativo
688,karwa,llovizna,negativo
689,karway killa,agosto,neutro
690,kasha,espina,negativo
691,kashakarayukwa,equidermos,neutro
692,kasi,"tranquilo, quieto",positivo
693,kasik,paz,positivo
694,kasilla,tranquilidad,neutro
695,kasku,pecho,neutro
696,kasku tullu,esternón,neutro
697,kaspana,chamuscar,negativo
698,kaspi,"palo, madera",neutro
699,kaspimakana,espada,neutro
700,katana,cubrir,positivo
701,katariy,levantamiento,positivo
702,kati paktachik,complemento indirecto.,negativo
703,katichay,prosa,neutro
704,katichina,imitar.,negativo
705,katik iñu,punto seguido.,neutro
706,katik iñu,punto seguido,neutro
707,katik paktachik kp,complemento indirecto,negativo
708,katikmanyaypurachi,coseno,neutro
709,katikmanyaypuramuchi,secante,neutro
710,katikmanyaypuramunchi,secante,neutro
711,katikmanyaypuranchi,coseno,neutro
712,katiknina,narrar,positivo
713,katikunkuy,epidemia,negativo
714,katina,seguir,positivo
715,katinalla,modelo,positivo
716,katinti yupaykuna,series numéricas,neutro
717,katisuyu rikuchik iñu,puntos colaterales,negativo
718,katsu,escarabajo,neutro
719,katuranti,negocio,positivo
720,katuy,vender,positivo
721,katuyranti,feria,positivo
722,katuyrantin chani,el valor del intercambio,positivo
723,katuyrantin chani,el valor del intercambio,positivo
724,kawalli,"lente, gafas",neutro
725,kawana,cantar,positivo
726,kaway,observación.,positivo
727,kawchuna,torcer,negativo
728,kawi,rombo,neutro
729,kawikuk,romboide,neutro
730,kawilli,camilla,neutro
731,kawitu,mueble,neutro
732,kawpuna,torcer,negativo
733,kawsa marka runa,nacionalidades.,positivo
734,kawsakkuna,seres,positivo
735,kawsana,vivir,positivo
736,kawsay,"cultura, vida",positivo
737,kawsay killka,biografía,positivo
738,kawsay killkamachiy,registro civil,neutro
739,kawsay mallki,herencia genética,positivo
740,kawsaykuk,célula,neutro
741,kawsaykuktantalli,tejido,neutro
742,kawsaymarka,nacionalidad,positivo
743,kawsaypacha,medio ambiente,positivo
744,kawsaypura,interculturalidad,positivo
745,kawsayrikcha,novela,positivo
746,kawsayrikcha,novela,positivo
747,kawsayshuktakayariy,aculturación,positivo
748,kawsayta chikipi churashpa,poniéndose en peligro,negativo
749,kawsayuk,célula,neutro
750,kay,aquí,neutro
751,kaya,mañana,neutro
752,kayachina,convocar,neutro
753,kayana,invitar/ llamar,positivo
754,kayna,ayer,neutro
755,kaytarikuchi,estados fìsicos,positivo
756,kaytu,nervio,neutro
757,khallu,lengua,neutro
758,khari,masculino,neutro
759,khiwa,hierva,neutro
760,khura,maíz germinado,positivo
761,khuyana,amar,positivo
762,khuzu,larva de escarabajo,neutro
763,kichankuy,cólera,negativo
764,kichkikuchu,ángulo agudo,neutro
765,kichkikuchu kimsamanyachi,triángulo acutángulo,neutro
766,kichkikuchu kimsamanyaychi,triángulo acutángulo,neutro
767,kichuy,arrebatar,negativo
768,kichwa llika,alfabeto kichwa,neutro
769,kikin,usted,neutro
770,kikin shuti,nombre propio,neutro
771,kikinkuyari,autoestima,positivo
772,kikinllatak,consigo mismo,neutro
773,kikinmanta,atentamente,positivo
774,kikinmutsuri,autoconsumo,negativo
775,kikinrimay,idiolecto,neutro
776,kikinruray,costumbres,neutro
777,kikinyari,identidad,neutro
778,kikinyarina,identificar – apropiar,positivo
779,kiliki,quilico,neutro
780,kilkawana,redactar,neutro
781,killa,luna,neutro
782,killa,mes,neutro
783,killanturi,eclipse lunar,positivo
784,killanturiy,eclipse lunar,positivo
785,killapa nikirakiri,fases de la luna,neutro
786,killimsa rumi,carbón de piedra,neutro
787,killka kamachik,regla ortográfica,neutro
788,killka katina,leer,neutro
789,killkakatiyuk,escritor,neutro
790,killkana,escribir,neutro
791,killkanancha,término algebraico,neutro
792,killkananchakamay,álgebra,neutro
793,killkananchapurachina,reducción de términos semejantes,neutro
794,killkananchaychi,expresión algebraica,neutro
795,killkapa unancha,signo de puntuación,neutro
796,killkapa unancha,signo de puntuación,neutro
797,killkawana,redactar,neutro
798,killkaya,carta,neutro
799,killkayachay,tema - teoría,neutro
800,killkayrimay,obra literaria,neutro
801,killpa,capa,neutro
802,killpak kushma,"sweater, saco",neutro
803,killu,amarillo,neutro
804,killu sara,maíz amarillo,neutro
805,kimi killka,coeficiente o parte literal,neutro
806,kimi yupay,coeficiente numérico,positivo
807,kimina,acercar,neutro
808,kiminancha,coeficiente,positivo
809,kimirik,contigüos,neutro
810,kimirik kuchukuna,ángulos contiguos o adiacentes,neutro
811,kimirishka yuyay,oración subordinada,negativo
812,kimiriy,acercarse,neutro
813,kimpu,mandíbula-quijada,neutro
814,kimraymaya,hipotenusa,neutro
815,kimsa,tres-3,neutro
816,kimsa chunka,treinta-30,neutro
817,kimsa kilkanancha kutinchiy,factorización de trinomios,neutro
818,kimsa patsak,trecientos-300,neutro
819,kimsachishka kullka,prisma triangular,neutro
820,kimsachishkapa tawa,trinomio cuadrado perfecto,neutro
821,kimsakamachik,regla de tres,neutro
822,kimsakamachimuk,regla de tres inversa,neutro
823,kimsakamachiyak,regla de tres simple,neutro
824,kimsakilkanancha kutinchiy,factorización de trinomios,neutro
825,kimsamanyachi,triángulo,neutro
826,kimsamanyachikamay,trigonometría,neutro
827,kimsamanyapurachi,relaciones trigonométricas,neutro
828,kimsaniki kallariy yachay,tercer nivel de educación básica,positivo
829,kimsaniki kallariyachay,tercer nivel,positivo
830,kimsapaktamanyachi,triángulo equilátero,neutro
831,kincha,corral,neutro
832,kinchak,corchetes,neutro
833,kinku,curva,neutro
834,kinkuk,paréntesis,neutro
835,kinraymanya,hipotenusa,neutro
836,kinrayshuyu,función,neutro
837,kinti,picaflor,positivo
838,kinuwa,quinoa,positivo
839,kipapakchiruray,proyecto,neutro
840,kipapakchiruray yachay,proyecto de aula,positivo
841,kipilli,paquete,neutro
842,kiri,llaga,negativo
843,kirkinchu,armadillo,neutro
844,kiru,árbol,positivo
845,kishparik,independencia,neutro
846,kishpichina,perdonar,positivo
847,kishpiripacha,liberalismo,neutro
848,kishuar,quishuar,neutro
849,kita,brioso,positivo
850,kiti,cantón,neutro
851,kiti apuk,jefe político,neutro
852,kiti kamaklli,concejal,neutro
853,kiti kapachik apuk,comisario nacional,neutro
854,kitikapak,capital provincial,positivo
855,kitilli,parroquia,neutro
856,kitilli apuk,teniente político,neutro
857,kucha,lago,neutro
858,kuchaku,laguna,neutro
859,kuchawpi,bicectriz,neutro
860,kuchi,cerdo,neutro
861,kuchulla,cerca,neutro
862,kuchupatay,grado angular,neutro
863,kuku,libra,neutro
864,kukulli,paloma,positivo
865,kulla,enero,neutro
866,kulla killa,enero,neutro
867,kullasuyu,región sur,neutro
868,kullka,prisma,neutro
869,kullka puncha,jueves,neutro
870,kullkikamak wankuri,asociación bancaria,neutro
871,kullkikamak wankuriy,asociación bancaria,neutro
872,kullkikamak wasi,banco-mutua-cooo-corporación-financiera,neutro
873,kullkikamay,economía,neutro
874,kullkikamay kamu,libro contable,neutro
875,kullkikamay shinayachi,conmutabilidad bancaria,neutro
876,kullkikamaychik,sistema contable,positivo
877,kullkikikinchik,póliza,neutro
878,kullkilli,billetes de denominacion baja-pequeños,negativo
879,kullkimantawankuri,organización económica,positivo
880,kullkimashnayachik,presupuesto,positivo
881,kullkiminkay kamu,libro banco,positivo
882,kullkipatsakri,impuesto,neutro
883,kullkirayku hatun tantanakuy,grandes bloques económico,positivo
884,kullkirayku llankay,actividad económica,positivo
885,kullkiyuk,capitalista,neutro
886,kullku,tronco,neutro
887,kulta,pato,neutro
888,kumuriy,inclinarse,neutro
889,kuna,dar,positivo
890,kunakuy,ofrecer,positivo
891,kunakyuyayku,refrán,positivo
892,kunan,presente,positivo
893,kunan pacha,tiempo presente,neutro
894,kunan yallishka,participio,neutro
895,kunana,consejo,positivo
896,kunanyallishka,participio,neutro
897,kunka,garganta-cuello,neutro
898,kunka tullu,nuca,neutro
899,kunkaklla,olvidadiso,negativo
900,kunkallina,bufanda,neutro
901,kunkariy,olvidarse,negativo
902,kunkashka,olvidado,negativo
903,kunkay,olvidar,negativo
904,kunkaycha,negligencia-descuido,negativo
905,kunkaychashka,descuidado-negligente,negativo
906,kunkaychay,descuidar,negativo
907,kunkaychiy,omisión-omitir,neutro
908,kunkaylla,tranquilo-en reposo,positivo
909,kunkuri,rodilla,positivo
910,kunkuriy,arrodillarse,neutro
911,kuntisuyu,occidente,neutro
912,kuntur,condor,neutro
913,kunuk,caliente,neutro
914,kunuk allpa,costa,neutro
915,kunuk yaku,agua termal,neutro
916,kunukuy,carbohidrato,positivo
917,kupa,rastrojo,neutro
918,kupa,basura,negativo
919,kurikinka,curiquingue,neutro
920,kurpa,masa amasado,neutro
921,kurpa,terrón,neutro
922,kurpa,enano,neutro
923,kurpañutuchi,desterronamiento,negativo
924,kuru,gusano,negativo
925,kurun anta,motocicleta-moto,neutro
926,kururuna,ovillar,negativo
927,kuruta,testículo,neutro
928,kusa,esposo-marido,neutro
929,kusana,asar,neutro
930,kushi,alegre,positivo
931,kushikuy,emoción,positivo
932,kushillu,mono,neutro
933,kushipatak,sacerdote,neutro
934,kushiyay,alegria,positivo
935,kushkapaktay,puntualidad,positivo
936,kushma,camisa,neutro
937,kushpana,saltar,neutro
938,kushpana,saltar,neutro
939,kuska,parte-sitio-lugar-dirección,neutro
940,kuska imallichik,adverbio del lugar,neutro
941,kuskallpayku,subterráneo,neutro
942,kuskayupay chani,valor relativo,positivo
943,kuski,septiembre-frondoso-abundancia,positivo
944,kuski killa,septiembre,neutro
945,kuskina,analizar,positivo
946,kuskunku,buho,neutro
947,kutachik,molinero,neutro
948,kutana,molino,neutro
949,kuticharina,rescatar,positivo
950,kutichina,responder,neutro
951,kutichiy,responder,neutro
952,kutin,vez-veces,neutro
953,kutinchi,múltiplo,neutro
954,kutinchichiy,factorización,neutro
955,kutinchik millka,tabla de frecuencias,neutro
956,kutinchiklla,frecuencia absoluta,neutro
957,kutinchina,repetir,neutro
958,kutinchina,repetir,neutro
959,kutinchishka yupaykuna,números múltiplos,positivo
960,kutinchiy,multiplicación,neutro
961,kutinkutinchik,exponente,neutro
962,kutinkutinchiy,potenciación,neutro
963,kutinkutinmuchiy,radicación,neutro
964,kutinkutirik,base de potencia,neutro
965,kutinriksina,reconocer,positivo
966,kutirichiy,convertirse,neutro
967,kutirik,factor común,neutro
968,kutirik taripay,búsqueda del factor común,positivo
969,kutsana,rasgar,negativo
970,kutsi,ligero,positivo
971,kutsiy,agilidad,positivo
972,kuwartilla,cuartilla,neutro
973,kuy,cuy-conejillo de indias,neutro
974,kuya,reina-emperatriz-soberana del incario-señora-dama,positivo
975,kuyak,acariciador,positivo
976,kuyana,amar,positivo
977,kuyashka,amante,negativo
978,kuyaylla,hermosa-linda,positivo
979,kuyka,lombríz,neutro
980,kuykakamay,lombricultura,positivo
981,kuyllur,asterisco,neutro
982,kuytsa,joven-adolescente-mujer,neutro
983,kuyurihillanta,máquina,neutro
984,kuyuy,mover,neutro
985,lachuri,hijastro,neutro
986,shayak allpa,ladera,neutro
987,lamama,madrastra,neutro
988,lancha,tizón,negativo
989,lapani,hermanastra,neutro
990,laushi,hijastra,neutro
991,lawawki,hermanastro,neutro
992,layaya,padrastro,neutro
993,llachak,vegetal,neutro
994,llachakamay,flora,positivo
995,llachapashka,remendado,neutro
996,llachapay,remendar,neutro
997,llachapayuk,remendon,neutro
998,llaki,triste,negativo
999,llaki,tristeza,negativo
1000,llakichik,perjuicios,negativo
1001,llakichik wallpariykuna,formas de explotación,neutro
1002,llakichipacha,la colonia,neutro
1003,llakichiy,explotación,negativo
1004,llakilla,triste,negativo
1005,llakitukuy,desastre,negativo
1006,llakta,pueblo,neutro
1007,llakta ushay,democracia,positivo
1008,llaktakay,pueblos,neutro
1009,llaktamanta llukshiri,migración,neutro
1010,llaktapak ushay,democracia,positivo
1011,llaktari allpa,territorio,neutro
1012,llaktarimay,dialecto,positivo
1013,llaktay,pueblo,neutro
1014,llaktayku,población,neutro
1015,llaktushay,democracia,positivo
1016,llakushi,sentimiento,neutro
1017,llama,llama-oveja,neutro
1018,llamkaypaktachi,función rol,neutro
1019,llamkaywillay,informe,neutro
1020,llamkayñan,planificación,positivo
1021,llampu,liso,neutro
1022,llankahillay,equipos,neutro
1023,llankamana,inutil,negativo
1024,llankanauku,oficina,neutro
1025,llankanaukuk,oficinista,neutro
1026,llankayñan,planificación,positivo
1027,pampa,llano-campo,neutro
1028,llantu,sombra,neutro
1029,llanturiy,eclipse,neutro
1030,llapiriy,presión,neutro
1031,llashachik,balanza,neutro
1032,llashak,masa y peso,neutro
1033,llashak tupu,medida de masa,neutro
1034,llatanay,descubrirse-sacarse la ropa,positivo
1035,llawsayachik,endòcrino,neutro
1036,llawsayari,viscosidad,negativo
1037,llawtu,corona-diadema,neutro
1038,llichayuk,dichoso,positivo
1039,llika,sistema,neutro
1040,llika yachay wasikuna,redes educativas,positivo
1041,llika,estructura,neutro
1042,lliwitupu,radianes,neutro
1043,lluki,izquierdo,neutro
1044,lluki maki,mano izquierda,neutro
1045,llullana,mentir,negativo
1046,llullu,tierno,positivo
1047,llumpak,limpio,positivo
1048,llumpakay,virginidad,positivo
1049,llumpakshunku,castidad,positivo
1050,llushpichiy,despegar,neutro
1051,llutachina,pegar,neutro
1052,llutariy,magnetismo,neutro
1053,tula,loma,neutro
1054,lulun,huevo,neutro
1055,lumu,yuca,neutro
1056,lutsay,proporción-proporcionalidad,neutro
1057,lutsaychishpa raki,reparto proporcional,neutro
1058,lutsaykumuk,proporción armónica o inversa,positivo
1059,lutsaykutinchik,frecuencia relativa,neutro
1060,lutsaykuyak,proporcionalidad inversa,neutro
1061,lutsaysapayak,proporcionalidad directa,neutro
1062,machana,emborrachar,negativo
1063,machu,tuerto,negativo
1064,makana,pegar,neutro
1065,makanakuy,guerra,negativo
1066,makanakuy runakuna,guerreros,negativo
1067,makay,golpe-pegar-agravio,negativo
1068,maki,mano,neutro
1069,maki hawa,palma de la mano,neutro
1070,maki ruka,uña del dedo de la mano,neutro
1071,maki washa,dorso de la mano,neutro
1072,maki,manilla-pulsera,neutro
1073,makillina,guante,neutro
1074,makimañachi,colaboración mutua,positivo
1075,makimañachiy,prestación de mano para el trabajo,neutro
1076,makimañashpa,una mano de ayuda,positivo
1077,makimañay,pedir la mano para casarse,positivo
1078,makipakchiruray,artesanía,neutro
1079,makirumpay,voleibol,neutro
1080,makirurashka,manualidad,neutro
1081,makiruray,artesanía,neutro
1082,makiruraykamay,artesanía,neutro
1083,makiyasiy,voleibol,neutro
1084,maklluy,peligro,negativo
1085,maklluy,peligro,negativo
1086,mallina,probar-saborear,neutro
1087,mama,madre-mamá,positivo
1088,mama chanka,muslo,neutro
1089,mama chumpi,faja-madre,neutro
1090,mama kullki kamachi,regla de interés,neutro
1091,mamakamachik,constitución,neutro
1092,mamakucha,océano,neutro
1093,mamakullki,capital,neutro
1094,mamallakta,país,neutro
1095,mamallakta kallaripa tantanakuy,asamblea constituyente,neutro
1096,mamallakta kawsay kallari,vida republicana,neutro
1097,mamallakta michari,defensa nacional,positivo
1098,mamallakta pura kapak kamay,política exterior,neutro
1099,mamallaktachiy,estado,neutro
1100,mamallaktapa apukwasi,palacio de gobierno,neutro
1101,mamallaktapa haylli,himno nacional,positivo
1102,mamallaktapa kapak,nacionalista,neutro
1103,mamallaktapak tantanakuy,estado,neutro
1104,mamallaktapura kullkikulka,fondo monetario internacional-fmi,neutro
1105,mamayakunta mintalay,comercio marítimo,neutro
1106,mana alli,mal-malo,negativo
1107,mana rikshka antakuna,los ovnis,neutro
1108,mana riksishka,extraño,neutro
1109,mana tukurik,infinito,neutro
1110,manahaykapash,nunca jamas,neutro
1111,manapakiyak yupay,número irracional,neutro
1112,manapipash,nadie-ninguno,neutro
1113,manarak turuwan makiruray pacha,período precerámico,neutro
1114,manashuwak,honrado,positivo
1115,manañakcharishka,despinado,negativo
1116,manchay,temer,negativo
1117,manllariy,asustarse,negativo
1118,manllay,temer-tener miedo,negativo
1119,manuchaskiy,cobrar,positivo
1120,manya,borde-lado,neutro
1121,manyaku,cateto,neutro
1122,manyakupurachi,tangente,neutro
1123,manyakupuramuchi,cotangente,neutro
1124,manyakupuramunchi,cotangente,neutro
1125,manyapikakkuna,extremos,neutro
1126,manyatupu,perímetro,neutro
1127,manña,borde-orilla,neutro
1128,mapayashka,obsceno,negativo
1129,mapayay,pornografía,negativo
1130,marka kamachik,prefecto,positivo
1131,markakamachiklli,consejero provincial,positivo
1132,markapuk,gobernador,neutro
1133,masha,yerno-cuñado,neutro
1134,mashi,amigo,positivo
1135,mashipurari,relación mutuo,neutro
1136,mashkaychani,incógnita,neutro
1137,mashnayachi,conocimiento de cantidad o cálculo,positivo
1138,mashnayachina,calcular,positivo
1139,mashnaykuna,cantidad,neutro
1140,mashu,murciélago,neutro
1141,mashuwa,mashua,neutro
1142,maskana,buscar,neutro
1143,maskaypacha,corona,neutro
1144,masma yachak,ingeniero,positivo
1145,masmana,construir,positivo
1146,masmay,armar,positivo
1147,mawkana,usar,neutro
1148,may kutinchikuna,productos notables,neutro
1149,may mutsuri,importantes,positivo
1150,may rakikuna,cocientes notables,neutro
1151,mayalli,indispensable,neutro
1152,maychani,importancia,neutro
1153,mayhatun,macro,neutro
1154,maykanpash,cualquiera,neutro
1155,maykutinchikuna,productos notables,neutro
1156,maymachariy,alcoholismo,negativo
1157,maymutsurik,importante,positivo
1158,maymutsuriy,importancia,positivo
1159,maypakchiruray,arte,positivo
1160,mayrakikuna,cocientes notables,neutro
1161,mayu,río,neutro
1162,mayuchilla,micro,neutro
1163,maywa,morado-violeta,neutro
1164,maywana,enamorar,positivo
1165,maywana,enamorar,positivo
1166,mañana,pedir,neutro
1167,mañay,solicitud,neutro
1168,mi si,gato,neutro
1169,michachikanyay,descomposición de la energía,negativo
1170,michina,pastar,neutro
1171,mika,plato de madera,neutro
1172,miklla,treinta libras,neutro
1173,mikuna,comer,positivo
1174,mikuy,alimento,positivo
1175,milchina,manipular,negativo
1176,milchina,palpar,neutro
1177,milchinay,experimentar,neutro
1178,milka,párrafo-cuadro,neutro
1179,milkachishka,cuadro sinóptico,positivo
1180,milkachishka killka,cuadro sinóptico,positivo
1181,milkakinrayshuyu,histograma,positivo
1182,millanayay,feo,negativo
1183,millaymakay,feo,negativo
1184,millkashuyu,gráfico de barras,neutro
1185,milluku,melloco,neutro
1186,minchakama,despedida-próxima ocasión,negativo
1187,minchayana,despedirse,negativo
1188,minchayana (w),despedirse,negativo
1189,minkana,encargar,neutro
1190,minkarik,huesped,neutro
1191,mintala,comerciante,neutro
1192,mintalana,comercializar,neutro
1193,mintalanayay,comercializaciòn,neutro
1194,mintalay,comercio,neutro
1195,mintu,pirámide,neutro
1196,mirachina,aumentar,neutro
1197,mirachina,reproducir,neutro
1198,mirana,aumentar-producir,positivo
1199,mirka,paño-mancha de la cara,negativo
1200,mishanakuy,competencia,neutro
1201,mishay,ganar-competir,positivo
1202,mishki,dulce,neutro
1203,mishu,mestizo,neutro
1204,mishuma uchu,ají menos picante,neutro
1205,mitsa,verruga,negativo
1206,mitsak,mezquino,negativo
1207,mitsana,mezquinar,negativo
1208,miyuchina,contaminar,negativo
1209,miyuwayra,anhídrido carbónico,neutro
1210,miyuy,contaminación,negativo
1211,miyuy wanu,fertilizante químico,neutro
1212,miyuychi,contaminaciòn,negativo
1213,urku,montaña-cerro,neutro
1214,sacha,monte-bosque-selva,neutro
1215,muchana,besar,positivo
1216,muchiku,sombrero,neutro
1217,muksi,oxido,neutro
1218,muku,nudo,neutro
1219,muku,articulación,neutro
1220,munana,querer,positivo
1221,munanayay,deseo carnal,negativo
1222,munapayay,desear con locura,neutro
1223,munarishka,aficionado,neutro
1224,munay,deseo,positivo
1225,munay killka,escritura de expresión libre,positivo
1226,munay yachay,auto estudio,positivo
1227,munaymanta ruray,hobby-pasa tiempo,positivo
1228,muntira,gorra,neutro
1229,murtiñu,mortiños,neutro
1230,muru unkuy,sarampión,negativo
1231,muru,fruto,positivo
1232,muruchu,morocho,positivo
1233,murukuna,productos agrícolas-granos,positivo
1234,mushuk,nuevo,positivo
1235,mushukpacha,neolítico,neutro
1236,mushukyachinalla,renovable,positivo
1237,muskuna,soñar,positivo
1238,musparina,desvariar,negativo
1239,musyana,preveer,positivo
1240,musyana,prever,positivo
1241,musyay,prevención-temer-tener miedo,negativo
1242,mutilon,motilones,neutro
1243,mutsukmanta,necesariamente,neutro
1244,mutsuna,necesitar,neutro
1245,mutsuri killkanancha kutinchi,productos notables,neutro
1246,mutsurik,útil,positivo
1247,mutsushka,necesitado-menesteroso,neutro
1248,mutsuy,uso,neutro
1249,mutsuy,necesitar,neutro
1250,mutsuypa,utilidad,positivo
1251,muyu,semilla,positivo
1252,muyuna,rodear,neutro
1253,muyuntin,alrededor,neutro
1254,muyuntintupu,medida del círculo,neutro
1255,muyuriy,giro,neutro
1256,muyuy rimay,mesa redonda,neutro
1257,muyuy tupu,perímetro de la circunferencia,neutro
1258,muyuykuchu,ángulo de giro,neutro
1259,muyuypacha,ciclo,neutro
1260,muyuyrimay,mesa redonda,neutro
1261,muyuyshuyu,gráfico de pasteles,neutro
1262,muyuytupu,longitud de la circunferencia,neutro
1263,nanay,dolor,negativo
1264,nankay,equilibrio,positivo
1265,napaykuna,saludos,positivo
1266,niki,orden,positivo
1267,nikichik,ordenador-computadora-pc,positivo
1268,nikichina,ordenar-organizar,positivo
1269,nikirakiri,fase,neutro
1270,nikiyupay,números ordinales,neutro
1271,nikiyupaykuna,números ordinales,neutro
1272,nikyachay,teorema,neutro
1273,nimaykan,ninguna,neutro
1274,nina,fuego-llama-candela,neutro
1275,nina kuru,luciérnaga,neutro
1276,ninayay,combustión,neutro
1277,nipa,elemento,neutro
1278,nipakutichi,intersección,neutro
1279,nipapurachi,correspondencia-relación,neutro
1280,nipayay,componente,neutro
1281,nishani,autodeterminación,positivo
1282,nuna,espíritu-alma,positivo
1283,pacha,tiempo y espacio,neutro
1284,pacha imallichik,adverbio de tiempo,neutro
1285,pacha shuktayay,fenómeno natural,neutro
1286,pacha tupuk,reloj,neutro
1287,pachachik,reloj,neutro
1288,pachachik sayllachik,reloj,neutro
1289,pachakutik pacha,renacimiento,positivo
1290,pachamama,mundo,neutro
1291,pachamamapi tiyak,recurso natural,positivo
1292,pachamamapi tiyakkuna,recursos naturales,positivo
1293,pachanyachiy,fomento,positivo
1294,pachapi tiyak chimpaykuna,teoría de la relatividad,neutro
1295,pacharikuy,cosmovisión,neutro
1296,pacharikuy,cosmovisión,neutro
1297,pachatupu,medida de tiempo,neutro
1298,pachaykamay,física,neutro
1299,pakana,esconder,negativo
1300,pakarikuy,velar,neutro
1301,pakarina,amanecer,positivo
1302,pakashka,escondido,neutro
1303,pakay,huabo,neutro
1304,pakcha,cascada,neutro
1305,pakchi,técnica,positivo
1306,pakchiruray,tecnología,positivo
1307,pakchirurayachay,taller,neutro
1308,pakiriklla,frágil,neutro
1309,pakiy,romper en pedazos-destrozar,negativo
1310,pakiyupay,número racional,neutro
1311,pakpayu,aves,neutro
1312,paktachani,ecuación o igualdad de valores,positivo
1313,paktachay,justicia,positivo
1314,paktachichin,responsabilizar,positivo
1315,paktachichina,responsabilizar,positivo
1316,paktachik,responsable,positivo
1317,paktachik kuchu,ángulo complementario,neutro
1318,paktachik tantachishka,conjunto complementario,positivo
1319,paktachikkuna,propiedades o relaciones,neutro
1320,paktachikuna,propiedades,neutro
1321,paktachiriy,asumir responsabilidad,positivo
1322,paktachiy,responsabilidad,positivo
1323,paktak,suficiente,positivo
1324,paktakamu,libro mayor,neutro
1325,paktakuchu,ángulo recto,neutro
1326,paktakuchu kimsamanyachi,triángulo rectángulo,neutro
1327,paktakuyuy,ritmo,positivo
1328,paktalla kawsay,equidad de género,positivo
1329,paktama,jeme,neutro
1330,paktamanya,cateto menor,neutro
1331,paktanancha,resultado,neutro
1332,paktapuchu,diferencia simétrica,neutro
1333,paktara,cuidado,positivo
1334,paktaraki,divisibilidad,neutro
1335,paktarakikyuk pakiyupaykuna,fracciones homogéneas,neutro
1336,paktarakikyupay,máximo común divisor,neutro
1337,paktarakirikyupay,mínimo común múltiplo,neutro
1338,paktay,objetivo,positivo
1339,paktayachay,currículo,neutro
1340,paktayashka,equivalente,neutro
1341,paktayuyay,definición,neutro
1342,paku,café,positivo
1343,pal anta,plátano,positivo
1344,palama,insecto,neutro
1345,palamamiyu,insecticida,neutro
1346,pallana,cosechar,positivo
1347,pallay,cosechar,positivo
1348,palta,aguacate,positivo
1349,paltarikkuska,barra,neutro
1350,pamaway,cosmos,neutro
1351,pamaway nipa,elemento cósmico,neutro
1352,pamawayak,cósmico,neutro
1353,pamawyri,cósmico,neutro
1354,pampa,planicie,neutro
1355,pampa shuyukuna,figuras planas,neutro
1356,pampallpa,llanura,neutro
1357,pampawarmi,prostituta,negativo
1358,panchi,febrero,neutro
1359,panchi killa,febrero,neutro
1360,pani,hermana-hermano a hermana,positivo
1361,pankakullki,billetes,neutro
1362,pankalli,documento de identificacion-documento pequeño,neutro
1363,panta,confuso,negativo
1364,wampu allpa,pantano-ciénega,negativo
1365,pantay,confusion,negativo
1366,papa,patata,positivo
1367,papaya,papaya,neutro
1368,parana,demorar-durar en imbabura,negativo
1369,parkuna,regar,neutro
1370,paruk,pulmón,neutro
1371,pascal kutinkutinchi,esquema de paskal,neutro
1372,paskakuchu,ángulo obtuso,neutro
1373,paskakuchu kimsamanyaychi,triángulo obtusángulo,neutro
1374,paskama,cuarta,neutro
1375,paskama-ukapa,cuarta de mano,neutro
1376,paskana,abrir,neutro
1377,paskarikra,braza-longitud,neutro
1378,paskay,abrir,neutro
1379,pasña,adolescente-mujer,positivo
1380,pata millma,vello púvico,neutro
1381,pata tullu,hueso púvico,neutro
1382,patarina,doblar,neutro
1383,patay,grado sexagecimal,neutro
1384,patayak,tramo,neutro
1385,patayay,tramo,neutro
1386,patayayku,intervalo-recorrido-rango,neutro
1387,patayku,minutos angulares,neutro
1388,pataykulla,segundos angulares,neutro
1389,patpa,pluma,neutro
1390,patpay,emplumar,neutro
1391,patsak,cien-100,neutro
1392,patsak piti,tanto por ciento,neutro
1393,patsakri,porcentaje,neutro
1394,patsakri shutichi,notación porcentual,neutro
1395,patsakri shutichiy,notación porcentual,neutro
1396,patsakrikrapampa,cuadra,neutro
1397,patsaktatkipampa,hectárea,neutro
1398,patsakwata,siglo,neutro
1399,pawana,volar,neutro
1400,pawkar,marzo,neutro
1401,pawkar,marzo,neutro
1402,pawkar killa,marzo,neutro
1403,pay,ella,neutro
1404,paya,vieja,neutro
1405,paya mama,anciana,neutro
1406,paya ruka,dedo pulgar,neutro
1407,payku,payco,positivo
1408,paykuna,ellas,neutro
1409,payllashka,pagado,positivo
1410,payllay,pagar,positivo
1411,paypachik,pertenencia,neutro
1412,paypaknay,pertencer,neutro
1413,haka,peña,neutro
1414,phacha,sábana,neutro
1415,phallkala,sien,neutro
1416,phanka,hoja,neutro
1417,phankalla,liviano,positivo
1418,phatsayana,separar,neutro
1419,phawachik anku,nervio,neutro
1420,phintu,manta-trapo,neutro
1421,phintu ushuta,medias,neutro
1422,pichay,limpia,positivo
1423,pichay,limpieza-aseo,positivo
1424,pichka,cinco-5,neutro
1425,pichka chunka,cincuenta-50,neutro
1426,pichka patsak,quinientos-500,neutro
1427,piki,pulga,negativo
1428,pillis,piojo del cuerpo,negativo
1429,pillpintu,mariposa,neutro
1430,pimill,alga acuática,neutro
1431,pinkay,vergüenza,negativo
1432,pinkullu,tobillo,neutro
1433,pinllu,lechero,neutro
1434,piruri,rol,neutro
1435,piruru,disco,neutro
1436,pirway,diagramación,neutro
1437,pirwayay,maqueta,neutro
1438,kutama,pirámide natural,neutro
1439,pishiyak pakiyupay,fracción propia,neutro
1440,pishiyashka,menor que,neutro
1441,pishku,pájaro-ave,neutro
1442,pishku,ave,neutro
1443,piti,poco,neutro
1444,pitikuska,segmento,neutro
1445,pitina,cortar,neutro
1446,pituy,deseo amoroso,positivo
1447,pityuk,arroba,neutro
1448,piñakuy,enfadado,negativo
1449,piñana,enfadarse,negativo
1450,piñashka,enojado,negativo
1451,patpasapa,plumaje,neutro
1452,chapak,policia,neutro
1453,puchu,diferencia,neutro
1454,puchu tupati,cabo de vela,neutro
1455,puchuy,extraño,neutro
1456,puka,rojo,neutro
1457,puka sara,maíz rojo,neutro
1458,pukara,lugares sagrados-centros ceremoniales,neutro
1459,pukcha,quintal,neutro
1460,pukchiku,onza,neutro
1461,pukllana,jugar,positivo
1462,pukllay,deporte,positivo
1463,pukpu,litro-botella,neutro
1464,pukshay akllay kamachik,tribunal electoral,neutro
1465,puku,plato,neutro
1466,pukuk,soplador,neutro
1467,pukukuk,productivo,positivo
1468,pukukun,fecundo-fertil,positivo
1469,pukuna,cerbatana,neutro
1470,pukushka,encantado,positivo
1471,pukuy,producción,positivo
1472,pukuyay,madurez,positivo
1473,pukyu,vertiente,neutro
1474,pullkanka,escudo,neutro
1475,pullkankayuk,escudero,neutro
1476,puma,puma,neutro
1477,puma-maki,pumamaqui,neutro
1478,punasuyu,región sierra,neutro
1479,puncha,día,neutro
1480,punchaklla,claro,neutro
1481,punchankamu,libro diario,neutro
1482,punchanta kawsay,vida cotidiana,neutro
1483,punchayakun,alba,positivo
1484,puntu,vasija,neutro
1485,pupu,ombligo,neutro
1486,puray,relación,positivo
1487,purichihallmay,segunda desyerbe,neutro
1488,purik,caminante,positivo
1489,purikacha,paseo,positivo
1490,purina,caminar,positivo
1491,purun,llanura abandonada,negativo
1492,purun wiwa,animal silvestre,neutro
1493,purutu,fréjol,neutro
1494,pusak,ocho-8,neutro
1495,pusak chunka,ochenta-80,neutro
1496,pusak patsak,ochocientos-800,neutro
1497,pusakkamay,dirección,neutro
1498,pushak,lider,positivo
1499,pushakakllay,tribunal,neutro
1500,pusku,ácido,neutro
1501,pusku,espuma,neutro
1502,putiha,unidad fundamental de la fanega,neutro
1503,putika,botija",neutro
1504,putitupu,medida de volumen,neutro
1505,putu,galón,neutro
1506,putuk,trapecio,neutro
1507,putukuk,trapezoide,neutro
1508,puyuy,evaporación,neutro
1509,puzun,estómago,neutro
1510,puñuna,dormir,neutro
1511,puñuyllak,insomnio,negativo
1512,raka,vagina,neutro
1513,rakacha,zanahoria,neutro
1514,rakacha,zanahoria,neutro
1515,rakikyupay,denominador,neutro
1516,rakikyupaykuna,números divisores,neutro
1517,rakinakuy,distribución,neutro
1518,rakinchi,submúltiplo,neutro
1519,rakiri,parte-sección,neutro
1520,rakirikuska,partes,neutro
1521,rakirikyupay,numerador,neutro
1522,raku,grueso,neutro
1523,raku chunchulli,intestino grueso,neutro
1524,raku kushma,abrigo,positivo
1525,raku purutu,porotón,neutro
1526,rakuyay,grosor o espesor,neutro
1527,rantimpana,intercambiar,positivo
1528,rantimpayni,reciprocidad,positivo
1529,rantina,comprar,neutro
1530,rantinpa pankakuna,documentos comerciales,neutro
1531,rantinpak,reciprocidad,positivo
1532,rantinpaktak,conmuntativa,neutro
1533,rantinpanka,factura,neutro
1534,rantinpankaku,tarjeta de crédito,neutro
1535,ranziyu,gringos-ingleses,neutro
1536,ranziyukunapak mamallakta,país anglosajona,neutro
1537,rasu,sólido-agua,positivo
1538,rasuyay,solidificación-agua,positivo
1539,ratata,fuego-energía,positivo
1540,ratata allpa,pólvora,negativo
1541,ratata urku,fuego del volcán,negativo
1542,rawmay,podar,neutro
1543,rawrana,arder,neutro
1544,rawranay kaspikuchuna kapak,caballero de la ardiente espada,neutro
1545,rayku,ocasion,neutro
1546,raymi,junio-fiesta,neutro
1547,raymi killa,junio,neutro
1548,razu,nevado,neutro
1549,rikcha,semejanza,positivo
1550,rikcha,semejanza-congruencia,positivo
1551,rikcha kutirik,factor común,neutro
1552,rikchachani,valor semejante,positivo
1553,rikchak,foto,positivo
1554,rikchak,foto-fotografía-semejante,positivo
1555,rikchakmaytu,carrete de fotos-rollo de pelicula para fotos,positivo
1556,rikchay/suyu,figura,neutro
1557,rikchayachiy,genética,positivo
1558,rikra,brazo,neutro
1559,rikra uku,axila,neutro
1560,rikramuku,codo,neutro
1561,riksi,conocido,positivo
1562,riksichik yuyay,presentación,neutro
1563,riksichikyuyay,presentación,neutro
1564,riksina,conocer,positivo
1565,riksiri,identidad-persona,positivo
1566,riksishka,conocido,neutro
1567,rikuchi,manifestación,neutro
1568,rikuchik ruka,dedo índice,neutro
1569,rikuchikkuna,indicadores,neutro
1570,rikuchina,exponer,neutro
1571,rikuchishuyu,pictograma o icono,neutro
1572,rikuchiy,índice,neutro
1573,rikuna,mirar,neutro
1574,rikurayana,controlar,positivo
1575,rikurik,vista-que se ha visto,neutro
1576,rikuypacha,paisaje,positivo
1577,rimak,hablante,neutro
1578,rimana,relatar-hablar,neutro
1579,rimanakuna,dialogar,positivo
1580,rimarikuna,expresiones-conversaciones,neutro
1581,rimayachakuy,seminario,neutro
1582,rimaykachay,discurso,neutro
1583,rimaytaki,copla,neutro
1584,rinri,oreja-oído,neutro
1585,rinri kuru,caracol del oído,neutro
1586,rinrina,arete,neutro
1587,ripana,ir,neutro
1588,ripankalli,boleto o ticket de avion-tren-autobus,neutro
1589,ritimuna,energía,positivo
1590,ritirina kuska,lugares energéticos,positivo
1591,ritiwayra,energía eòlica,positivo
1592,ritiy,energía,positivo
1593,ruka,dedo,neutro
1594,ruku,viejo,neutro
1595,ruku yaya,anciano,neutro
1596,rukutu uchu,ají picante,neutro
1597,rumiyashka,fósil,neutro
1598,runa,ser humano,positivo
1599,runakak,ser humano,positivo
1600,runapachakay,humanidad,positivo
1601,runapak aycha,el cuerpo humano,positivo
1602,runashina,personaje,neutro
1603,runayay pacha yuyay,evolución del hombre,positivo
1604,runpaki,pelota de futbol,neutro
1605,ruparishka,quemadura,negativo
1606,rupariykuna,combustión,neutro
1607,rurakay,deber hacer-obligacion,neutro
1608,rurana,aplicar,neutro
1609,rurarayana,ejercitar,positivo
1610,rurarayana,ejercitar,positivo
1611,rurarayay,ejercitar,positivo
1612,rurashkayuyay, antecedente,negativo
1613,ruray,función-edificar-construir,positivo
1614,ruray paktachi,rol función,neutro
1615,ruraykatichiy,programa agenda,neutro
1616,rurayri ñan,proceso operativo,neutro
1617,rurukuna,frutas,neutro
1618,ruwana,poncho,neutro
1619,mayu,río,neutro
1620,sacha,selva,neutro
1621,sacha wiwa,animal silvestre,neutro
1622,sachana,forestar,negativo
1623,sachayu,silvestre,neutro
1624,sakina, abandonar-dejar,negativo
1625,sakiriy, quedarse,neutro
1626,sakishka, abandonado-dejado,negativo
1627,sakma, bofetada,negativo
1628,sakmay, abofetear,negativo
1629,sakra, brujo,neutro
1630,sakrachiy, hacer brujería,negativo
1631,sakray, embrujar-hechizar-echar maleficios,negativo
1632,saksana, hartar,negativo
1633,salliy, azufre,neutro
1634,samana, descansar,positivo
1635,samay, aliento- respiración,positivo
1636,samaytu, aura,neutro
1637,sami, variedad-clase,neutro
1638,saminay, herencia,neutro
1639,saminchashka, bendito,neutro
1640,saminchay, bendecir viene de la tradición de la cosecha,positivo
1641,samiyachiy, clasificación,neutro
1642,sanka, cerco- excavaciòn,neutro
1643,sanku, espeso,neutro
1644,sapalla, viudo- viuda,negativo
1645,sapalla nipapurachi, correspondencia biunívoca,neutro
1646,sapalla rikcha kutirik, factor común monomio,neutro
1647,sapalla shuti, sustantivo individual,neutro
1648,sapallu, sapallo,neutro
1649,sapan, cada quien - cada uno,neutro
1650,sapan kawsaykuna, racismo,negativo
1651,sapansami chain, población estadística,neutro
1652,sapansami chani, población estadística,neutro
1653,sapapurachi, inyectiva,neutro
1654,sapi, raiz,neutro
1655,sapsi, características,neutro
1656,sapsi, característica,neutro
1657,sapsikuna, características,neutro
1658,sara, maíz,neutro
1659,saran, rendija,neutro
1660,sarun, anteayer,neutro
1661,sasa yuyay, oración compuesta,neutro
1662,sasa yuyay, oración compuesta,neutro
1663,sasak, dificil,negativo
1664,sasamanta, dificilmente,negativo
1665,sasasapa, dificultad,negativo
1666,sasi, noviembre,negativo
1667,sasi killa, noviembre,neutro
1668,satina, meter,neutro
1669,satirishka, metido- metiche,negativo
1670,sawarina warmi, novia- prometida,positivo
1671,saylla, hora,neutro
1672,sayllachik, horario,neutro
1673,sayllachikancha, husos horarios,neutro
1674,sayni, lila,neutro
1675,saywa, lindero- límite,neutro
1676,sayway, limitacion,neutro
1677,sañukata, tejado,neutro
1678,shanu, cafécolor,neutro
1679,shayak, vertical,neutro
1680,shaykushka, cansado,negativo
1681,shayri, tabaco,neutro
1682,shayriyay, tabaquismo,neutro
1683,shañu, caféplanta,neutro
1684,shikra, bolso-cartera,neutro
1685,shikshi, comezón,neutro
1686,shimi, boca,neutro
1687,shimi kamachik, gramática,neutro
1688,shimi kara, labio,neutro
1689,shimi kiru, diente,neutro
1690,shimi millma, bigote barba,neutro
1691,shimiki, sílaba,neutro
1692,shimiku, morfema,neutro
1693,shimiku yuyay awariy, morfosintaxis,neutro
1694,shimikukancha yachay, morfología,neutro
1695,shimininakuy, prometerse mutuamente,neutro
1696,shiminishka, promesa,positivo
1697,shiminiy, prometer,positivo
1698,shimisapa, chismoso,positivo
1699,shimiyari, relación,positivo
1700,shimiyuk kamu, diccionario,neutro
1701,shina, ejemplo,neutro
1702,shina imallichik, adverbio de modo,neutro
1703,shinalla, parecido a,neutro
1704,shinashinalla, sencillo,positivo
1705,shipir, cuña,neutro
1706,shiray, droga,negativo
1707,shitana, arrojar-tirar,neutro
1708,shiwi, anillo,neutro
1709,shuk, uno- 1,neutro
1710,shuk patay paktachani, ecuación de primer grado,neutro
1711,shukkuna, unos,neutro
1712,shukllamanta nipapurachi, correspondencia univoca,neutro
1713,shukllayashka, unidad,neutro
1714,shukniki kallari yachay, primer nivel,neutro
1715,shukniki patayay, primer tramo,neutro
1716,shuknipa yuyay, oración unimembre,neutro
1717,shukta charik tantanakuykuna, potencias dominantes,negativo
1718,shuktak, otro,neutro
1719,shuktakkuna, otros,neutro
1720,shuktayachik, caso,neutro
1721,shuktayay, derivados,neutro
1722,shukyachina, fusionar,neutro
1723,shukyachishka, unificado grafía,neutro
1724,shunku, núcleo- corazón,neutro
1725,shunku ruka, dedo del corazón- dedo del medio,neutro
1726,shunku yuyay, idea central,neutro
1727,shunkuna, humildad,positivo
1728,shunkushka, presentimiento,neutro
1729,shunkuyuk, humilde,positivo
1730,shunkuyuyay, intención,neutro
1731,shushuna, filtrar,neutro
1732,shutikuna, nomenclatura,neutro
1733,shutillatak, verdadero a,positivo
1734,shutilli, adjetivo,neutro
1735,shutintak, en verdad,positivo
1736,shutipak rantikuna, pronombres personales,neutro
1737,shutipi, representación,neutro
1738,shutiranti, pronombre,neutro
1739,shutiy, verdad,positivo
1740,shuwana, robar,negativo
1741,shuyay, esperar,negativo
1742,shuyu, imagen- dibujo- gráfico,neutro
1743,shuyu nikichik, ordenador gráfico,neutro
1744,shuyuchik chakata, rosa de los vientos,positivo
1745,shuyutupukamachi, sistema geométrico,neutro
1746,shuyutupukamay, geometría,neutro
1747,shuyutupukamaychi, sistema geométrico,neutro
1748,shuyutupumanya, figura geométrica,neutro
1749,siki, nalga,positivo
1750,siki tullu, coxis,positivo
1751,siki utuku, ano,neutro
1752,siklla, gentil,positivo
1753,sinchi, duro,negativo
1754,sinchi aycha, músculo,positivo
1755,sinchi rumi, solido,negativo
1756,sinchi rumpa, esfera sólida,negativo
1757,sinchi wiru, cilindro sólido,negativo
1758,sinchikay, resistencia,negativo
1759,sinchikuy, esfuerzo,positivo
1760,sinchiruna, valiente,positivo
1761,sinchiyachik, acentuación/ atrevido,negativo
1762,sinchiyachik unancha, signo de exclamación,neutro
1763,sinchiyachiy, atreverse,negativo
1764,sinchiyashka, dureza,negativo
1765,sinchiyay, solidificación,negativo
1766,sinchiyuyana, razon,positivo
1767,sinchiyuyarishka, razonado,positivo
1768,sinka, nariz,neutro
1769,sinka utuku, fosa nasal,neutro
1770,sinkanku, elefante,neutro
1771,sirana, coser,neutro
1772,sirik, horizontal,neutro
1773,sirina, acostar,neutro
1774,sirma, electricidad,positivo
1775,sirpa, traicion,negativo
1776,sirpak, traidor,negativo
1777,sirpashka, traicionado,negativo
1778,sirpay, traicionar,negativo
1779,sisa, flor,neutro
1780,siti, muñeco,neutro
1781,sitwa, julio,neutro
1782,sitwa killa, julio,neutro
1783,suchu, paralítico,negativo
1784,sukta, seis- 6,neutro
1785,sukta chunka, sesenta- 60,neutro
1786,sukta pakta umiña, cubo o exaedro,neutro
1787,sukta patsak, seiscientos- 600,neutro
1788,suktachishka tiksi umiña, poliedro hexagonal,neutro
1789,suktachishka umiña, poliedro hexagonal.,neutro
1790,suku, gris- carrizo,neutro
1791,sulka, parroquia,neutro
1792,kitilli, parroquia,neutro
1793,sumak, bonito- hermoso- bello- rico- excelente,positivo
1794,sumak killka, caligrafía,positivo
1795,sumak kuska, zona- lugar turística,positivo
1796,sumak kuskakamay, turismo,positivo
1797,sumak kuskakuna, lugares turísticos,positivo
1798,sumak napaywan, saludos cordiales,positivo
1799,sumak rimariy, literario,neutro
1800,sumak rimay yachay, literatura,neutro
1801,sumak rimayachak, literato,neutro
1802,sumak rimayachay, literatura,neutro
1803,sumak rimaysami, género literario,neutro
1804,sumak rimaysami, genero literario,neutro
1805,sumak yupay, honra- honor,positivo
1806,sumakillka, caligrafía,positivo
1807,sumakyachik rimay, figura literaria,neutro
1808,sumakyachik yura, planta ornamental,neutro
1809,sumakyachina, respeto- respetuoso,positivo
1810,sumaychana, respetar,positivo
1811,sumaychay, respeto,positivo
1812,suni, longitud,neutro
1813,sunikuchu, ángulo llano o plano,neutro
1814,sunisuytu, regla o regleta,neutro
1815,sunitupu, medida de longitud,neutro
1816,suniwachi, jabalina,neutro
1817,suniyachik kuchu, ángulo suplementario,neutro
1818,suniyak, línea,neutro
1819,sunka, barba,neutro
1820,sunkana, absorber,positivo
1821,sunturpawkar, lanza,neutro
1822,supa, fibracabuyo,neutro
1823,surkuy, sacar,neutro
1824,suytuyashka kullka, prisma rectangular,neutro
1825,suyu, región,neutro
1826,suyu rikuchik iñu, puntos cardinales,neutro
1827,suyuta rikuchik anta, brújula,neutro
1828,taki, música,positivo
1829,takina, cantar,positivo
1830,takina, tocar musica,positivo
1831,takiwayrariy, aeróbico,positivo
1832,takzu, tacso,positivo
1833,tallpa, camisa,neutro
1834,talpa, blusa,neutro
1835,tampu, posta,neutro
1836,tampul, desorden,negativo
1837,tampulyachay, conocimiento desordenado,negativo
1838,tanapay, ayudar- favor,positivo
1839,tantachi unancha, signo de agrupación,positivo
1840,tantachina, agrupar,positivo
1841,tantachipakta, asociativa,positivo
1842,tantachishka, conjunto,positivo
1843,tantachishka tantariy, unión de conjuntos,positivo
1844,tantachishkakunapa kutinchipaktachi, propiedades de la intersección,neutro
1845,tantachishkakunapa sami, clases de conjuntos,neutro
1846,tantachishkakunata paktachiy, complementación de conjuntos,neutro
1847,tantachishkakunata raki, partición de conjuntos,neutro
1848,tantachishkakunata rakiy, partición de conjuntos de conjuntos,neutro
1849,tantachishkakunata tukuyyachi, complementación de conjuntos,neutro
1850,tantachishkamanta anchuchi, diferencia de conjuntos,neutro
1851,tantachishkapa yapaypaktachikuna, propiedades de la unión o adición,neutro
1852,tantachishkata kutinkutinchi, conjunto potencia,neutro
1853,tantachishkata kutinkutinchiy, conjunto potencia,neutro
1854,tantachiy, agrupación- recoger,positivo
1855,tantachiy rurayri, unión de conjuntos,neutro
1856,tantachiy unancha, signo de agrupación,neutro
1857,tantachiyachay, unidad didáctica,neutro
1858,tantallalawsay, reino,positivo
1859,tantalli, panecillo- pan pequeño,negativo
1860,tantanakuy, organización,positivo
1861,tantari yachaypa yupay, número de la unidad,positivo
1862,tantarikillka, acta,positivo
1863,tantariku, subconjunto,negativo
1864,tantarimanta killka, acta,positivo
1865,tantarinakuy, asamblea,positivo
1866,tantariypa niki, orden del día,positivo
1867,tapuk shutiranti, pronombre interrogativo,positivo
1868,tapuk yuyay, oración interrogativa,positivo
1869,tapuy, preguntar,positivo
1870,tapuykutichina, entrevistar,positivo
1871,tapyaruna, mago,positivo
1872,tapyay, embrujar,negativo
1873,tarina, encontrar,positivo
1874,taripana, examen,negativo
1875,taripana, investigar,positivo
1876,taripapuk, juez,positivo
1877,taripay, averiguar,positivo
1878,taripayhapi, descubrir,positivo
1879,taririklla paktachik, complemento circunstancial,neutro
1880,tarpuna, sembrar,positivo
1881,tarpuy, sembrar,positivo
1882,tarpuymirariy, implementación,positivo
1883,taruka, venado,negativo
1884,taslla, elegante,positivo
1885,tatki, minuto,positivo
1886,tatki chumpiku, cinta métrica,positivo
1887,tatkikutinchi, múltiplo del metro,positivo
1888,tatkirakinchi, submúltiplo del metro,positivo
1889,tawa, cuadrado,positivo
1890,tawakunapa puchu, diferencia de cuadrados,positivo
1891,tawantin, precisión,positivo
1892,tawantinsuyu, imperio,negativo
1893,tawasampa, corona grande de plumas de guacamayo,positivo
1894,tawasuyu, puntos cardinales,positivo
1895,tawatatki, metro cuadrado,positivo
1896,tawayashka kullka, prisma cuadrangular,positivo
1897,tawka, mucho- bastante- montón,positivo
1898,tawka kawsay, pluricultural,positivo
1899,tawka kilkanancha kutinchichiy, factorización de polinomios en general,positivo
1900,tawka rikcha kutirik, factor común polinomio,positivo
1901,tawri, chocho,positivo
1902,tay, gol,positivo
1903,kurpa, terrón,positivo
1904,thuka, saliva,positivo
1905,allpa, tierra,positivo
1906,yurak allpa, tierra blanca,positivo
1907,tsala allpa, tierra estéril,positivo
1908,alli allpa, tierra fértil,positivo
1909,yana allpa, tierra negra,positivo
1910,puka allpa, tierra roja,positivo
1911,tikrak shimiki, sílaba inversa,positivo
1912,tikrana, volver,negativo
1913,tikratarpuy, reforestaciòn,negativo
1914,tikray, traducir- convertirse,positivo
1915,tiksi, base o básico,positivo
1916,tiksi yachaykuna, contenidos básicos,positivo
1917,tiksi yuyay, fundamentación,positivo
1918,tiksitupu, unidad de medida fundamental,positivo
1919,tiksiy, fundar,positivo
1920,tiksiyay mutsuykuna, servicios básicos,positivo
1921,tinkina, unir,positivo
1922,tinkirik yuyay, oración coordinada,positivo
1923,tinkuchik, concordancia,positivo
1924,titi, plomo,positivo
1925,titichaska, minerales,positivo
1926,titu, acrobacia,positivo
1927,tituyashka, gimnasia,positivo
1928,tiya mama, tía,positivo
1929,tiyak, existe,positivo
1930,tiyak chanikunata paktachik, balance situacional,positivo
1931,tiyak yupay, número natural,positivo
1932,tiyashkata rikuchik, balance de comprobación,positivo
1933,tiyay, posición,positivo
1934,tiyu yaya, tío,positivo
1935,tsawar, penco,positivo
1936,tsia, huevo de parásito- liendra,negativo
1937,tsiklla, recto,positivo
1938,tsiknina, odiar,negativo
1939,tsini, ortiga,positivo
1940,tsini kuru, larva,negativo
1941,tsunka, sorbete,neutro
1942,tsunkana, chupar,positivo
1943,tukapu, prenda de gala de mujer,positivo
1944,tuku, tronco,positivo
1945,tukuchina, consumir,positivo
1946,tukuchiy, conclusión,positivo
1947,tukuna, disfraz,positivo
1948,tukuraya, generalidades,positivo
1949,tukurik, finito,negativo
1950,tukurik tantachishka, conjunto finito,positivo
1951,tukurina, acabar- terminar,negativo
1952,tukuriy, fin,negativo
1953,tukushka, efecto,negativo
1954,tukuy hillaykuna, aparatos de medición,positivo
1955,tukuy shuti, nombre común,positivo
1956,tukuy yupaychi, números reales,positivo
1957,tukuyllikuna, generalidades,positivo
1958,tukuyta shukllayachik, globalización,positivo
1959,tukuyyashka yupay, número entero,positivo
1960,tukyana, erupcionar,negativo
1961,tukyay, explotar,negativo
1962,tullillak, invertebrado,negativo
1963,tullpu, color,neutro
1964,tullpukuna, colores,neutro
1965,tullpushka, teñido,neutro
1966,tullu, hueso,positivo
1967,tullupaki, fractura,negativo
1968,tulukancha, vivero,neutro
1969,tunkuri, esófago,neutro
1970,tupu, medida,positivo
1971,tupukamaychi, sistema de medida,positivo
1972,tupuna, medir,positivo
1973,tupuy, medida,positivo
1974,turi, hermano harmana a hermano,positivo
1975,turu, lodo,negativo
1976,turuwan makiruray pacha, período formativo,positivo
1977,tushuna, danzar,positivo
1978,tuta, noche,positivo
1979,tuta suyu, oeste,positivo
1980,tutamanta, madrugada,positivo
1981,tutamikuy, cenar,positivo
1982,tutayana, anochecer,positivo
1983,tutura, totora,positivo
1984,uchilla, pequeño,negativo
1985,uchilla killka, letra minúscula,positivo
1986,uchilla tatki, segundo,positivo
1987,uchillakillka, minúscula,positivo
1988,uchillayachishka yuyay, resumen,positivo
1989,uchillayachishka yuyay, resumen,positivo
1990,uchu, ají,positivo
1991,uka, oca,positivo
1992,ukku, cuerpo humano,positivo
1993,ukkukara kuruta, cutáneo,positivo
1994,ukkukuyuchik, extremidad,positivo
1995,ukkukuyurikancha, motricidad,positivo
1996,ukkukuyuykamay, cultura física,positivo
1997,ukkunanchachiy, expresión corporal,positivo
1998,ukkupa kuskaritimuna, chakradel cuerpo humano,positivo
1999,ukkurupay, fiebre,negativo
2000,ukkuskayku, aparato,positivo
2001,ukkuyawri, órgano,positivo
2002,ukllana, abrazar,positivo
2003,ukllay, abrazar,positivo
2004,uksha, paja,positivo
2005,uku, dentro,positivo
2006,uku kushma, camiseta,positivo
2007,ukucha, ratón,positivo
2008,ukumari, oso,positivo
2009,ukunpuray, interrelación,positivo
2010,ukururu, berro,positivo
2011,ukuyashka, cóncavo,positivo
2012,ulku, macho animales,positivo
2013,ullu, pene,positivo
2014,uma, cabeza,positivo
2015,uma ruka, dedo de la cabeza- anular,neutro
2016,uma tullu, cráneo,neutro
2017,umachi, engaño,negativo
2018,umachik, traidor- engañador,negativo
2019,umachiy, engañar,negativo
2020,umachuku, visera,negativo
2021,umamuskuy, fantasia,positivo
2022,umayarina, senso percepción,negativo
2023,umayuyana, imaginar,positivo
2024,umayuyay, imaginacion,positivo
2025,umiña, cubo o exaedro,positivo
2026,umiñakunapa yapa-puchu, suma o diferencia de cubos perfectos,positivo
2027,umiñatatki, metro cúbico,positivo
2028,umutu, enano,negativo
2029,unaka, caramelo,positivo
2030,unanchashkata pakta rikuchik, sistema de numeración decimal,positivo
2031,unanchay, notación,positivo
2032,unayay, tardar,negativo
2033,unaypi shamuna pacha, futuro mediato,positivo
2034,unkuk, enfermo,negativo
2035,upa, mudo,negativo
2036,uphiyana, beber,negativo
2037,uray, abajo,negativo
2038,uray suyu, norte,positivo
2039,uraykuy, bajar,negativo
2040,urmana, caer,negativo
2041,urna ñutuku, cerebro,positivo
2042,urpi, tórtola,positivo
2043,uru, araña,negativo
2044,usa, piojo,negativo
2045,usaysapa kuskakuna, lugares con poderes,positivo
2046,ushay, poder,positivo
2047,ritimuna, energía,positivo
2048,ushaykamakunapash, poderes,positivo
2049,ushi, hija,positivo
2050,ushina, adquirir,positivo
2051,ushu, burro,neutro
2052,ushuhama, nieta,positivo
2053,ushuta, alpargates,positivo
2054,utik, loco,negativo
2055,utikay, locura,negativo
2056,utka, rapido,positivo
2057,utkachiy, abreviar- hacer breve,positivo
2058,utku, hueco,neutro
2059,uyakuy, obedecer,positivo
2060,uyana, oír,positivo
2061,uyana, escuchar,positivo
2062,uyantin, consonante,positivo
2063,uyarichay, poner atencion,positivo
2064,uyarik, sonido,positivo
2065,uyarikancha yachay, fonología,positivo
2066,uyarikuy, ruido- bulla,negativo
2067,uyaywa, vocal,positivo
2068,uyaywak, sonido,positivo
2069,uyaywakancha yachay, fonología,positivo
2070,unanchikrimay, voz,positivo
2071,wacha, sábado,positivo
2072,wacha puncha, sábado,positivo
2073,wachana, nacer,positivo
2074,wachariy, nacimiento,positivo
2075,wachi, vector o rayo,positivo
2076,wachuchiy, verso,positivo
2077,waka, sagrado,positivo
2078,waka kuskakuna, lugares sagrados,positivo
2079,wakana, llorar,negativo
2080,wakarapuku, cuerno musical instrumento de viento hecho con un cuerno y que sirve a forma de trompeta,positivo
2081,wakayachina, conservar,positivo
2082,wakaychina, guardar,positivo
2083,wakcha, pobre,negativo
2084,wakchi, flecha- lanza- saeta- dardo,positivo
2085,waki, sociedad,positivo
2086,waki kawsaymantawankuri, organización socio cultural,positivo
2087,wakichina, preservar,positivo
2088,wakikamay, sociología,positivo
2089,wakimpi, alguna vez,positivo
2090,wakin, alguno,positivo
2091,wakiy, compartir,positivo
2092,waklishka, dañado- podrido,negativo
2093,waklli, crisis,negativo
2094,wakllichik, deterioro,negativo
2095,wakllichina, agravio- dañar,negativo
2096,wakra, ganado,positivo
2097,waksa, lagartija ,neutro
2098,waksi, gas,positivo
2099,waksisapa, gaseoso,positivo
2100,waktana, golpe,positivo
2101,waktanakuy, luchar,positivo
2102,walaku, rana comestible,positivo
2103,walinyana, balancear,positivo
2104,wallinku, conejo,positivo
2105,wallka, collar,positivo
2106,wallpa, forma- formación,positivo
2107,wallpachi yuyay, teoría creacionista,positivo
2107,wallpana, crear- inventar,positivo
2109,wallpari, invento- creación,positivo
2110,wallpay, estructura,positivo
2111,wallpaykamay, filosofía,positivo
2112,walpana, crear- inventar,positivo
2113,waltaku, pantalón de tela,positivo
2114,waman, gavilán,neutro
2115,wamintsi, rosado,positivo
2116,wampra, joven- adolescente varón,positivo
2117,wampuk, barco- lancha,positivo
2118,wampuk rikutirikancha, puerto marítimo,positivo
2119,wampulli, bote- canoa- velero- barca pequeña,positivo
2120,wampuna, nadar,positivo
2121,wampuy, natación,positivo
2122,wampuypi shuwakkuna, piratas- corsario,positivo
2123,wamra, púber,positivo
2124,wanachiy, castigar,negativo
2125,wanchiy, matar,negativo
2126,wankuri, organización,positivo
2127,wantu, floripondio,neutro
2128,wanu, fertilizante natural,neutro
2129,wanyari, evaporación,positivo
2130,wara, pantalón de lana,positivo
2131,warakay, lanzamiento,positivo
2132,waranka, mil- 1000,positivo
2133,waranka piti, tanto por mil,positivo
2134,warankakri, milésimo,positivo
2135,warankaku, kilogramo,positivo
2136,warankawataychi, milenio,positivo
2137,waricha, prostituta,negativo
2138,warichakay, prostitucion,negativo
2139,warichariy, locura,negativo
2140,warmi, mujer- esposa,positivo
2141,warmi wara, blusa,positivo
2142,warmipurakuyay, lesbianismo,neutro
2143,warunruk, astro,positivo
2144,washa, espalda,positivo
2145,washa tullu, columna vertebral- espinazo,positivo
2146,washa tullu ñutuku, médula espinal,positivo
2147,washa ñutuku, cerebelo,positivo
2148,washarimay, murmuración- crítica,positivo
2149,washatarimay, murmurar,positivo
2150,wasi, casa,positivo
2151,wasi allpa rantimanta, bienes y raíces,positivo
2152,wasiruraykamay, arquitectura,positivo
2153,waska, soga,positivo
2154,waskariklla, ritmo,positivo
2155,wasra, vino,positivo
2156,wata, año,positivo
2157,watapacha, calendario,positivo
2158,watay wasi, prisión,negativo
2159,watayuk, edad,positivo
2160,watu, cadena,positivo
2161,watuchina, adivinar,positivo
2162,wawa, niño,positivo
2163,wawa chumpi, faja-delgada,positivo
2164,wawa kullki kamachik, regla de interés simple,positivo
2165,wawa mama, placenta,positivo
2166,wawa ruka, dedo meñique,positivo
2167,wawakay, niñez,positivo
2168,wawakullki, interés,positivo
2169,wawchiy, influencia,positivo
2170,wawki, hermano entre hermanos,positivo
2171,wawkikay, hermandad entre hombres,positivo
2172,wayay, oxígeno,positivo
2173,waychi, plomo,positivo
2174,wayku, quebrada- barranco,negativo
2175,waykuhaskancha, relieve,positivo
2176,waykukaskancha, relieve,positivo
2177,waylla, verde,positivo
2178,wayllamkay, obrajes,positivo
2179,waylluy, ternura,positivo
2180,wayna, joven- amante,positivo
2181,wayra, aire- viento,positivo
2182,wayrakata, atmósfera,positivo
2183,wayrayay, volatilidad,positivo
2184,wayru, octubre,positivo
2185,wayru killa, octubre,positivo
2186,wayta, clavel,positivo
2187,wañuna, morir,negativo
2188,wañuy, muerte,negativo
2189,wañuykamachiy, ley de inquisición,negativo
2190,wichay, subida- cuesta,negativo
2191,wichay suyu, sur,positivo
2192,wichayana, ascender,positivo
2193,wichisuni, alto,positivo
2194,wichkachik, paréntesis,positivo
2195,wichkak chupa, comilla,positivo
2196,wichkak chupa, comilla,positivo
2197,wichkashka, encerrado,negativo
2198,wika, escremento,negativo
2199,wikar, cintura,positivo
2200,wiki, lágrima,negativo
2201,wikka mayu, sumo saserdote-.shyry,neutro
2202,wiksa, barriga- vientre,positivo
2203,wikuriy, flexibilidad,positivo
2204,wilka, ritos,positivo
2205,wilkana, rito,positivo
2206,wilkana, adorar- venerar,positivo
2207,wilkay, sagrado,positivo
2208,willachik, noticia,positivo
2209,willak hillay, medio de comunicación,positivo
2210,willak pirka, periódico mural,positivo
2211,willak yuyay, oración enunciativa,positivo
2212,willakpirka, periódico mural,positivo
2213,willana, avisar- informar,positivo
2214,willayhillay, medio de comunicación,positivo
2215,willaykancha, medios de comunicación,positivo
2216,williku, espermatozoide,positivo
2217,wilyay, llamarada,negativo
2218,winkuchikkuna, paréntesis,positivo
2219,winkuk, llaves,positivo
2220,wirakucha, rubicundo- pelirojo- rubio,positivo
2221,wisiyay, crema,positivo
2222,wisnu, materia,positivo
2223,wisya, crema,positivo
2224,witikwitik, tambalear,positivo
2225,witsyayay, subirse,positivo
2226,wiwakamay, ganadería,positivo
2227,wiwakuna, animales,neutro
2228,wiwika, oveja,positivo
2229,wiwika, oveja,positivo
2230,wiña, generación,positivo
2231,wiñachina, criar,positivo
2232,wiñachishka shimi, neologismo,positivo
2233,wiñakukllachak, almácigos,positivo
2234,wiñana, crecer,positivo
2235,wiñari, desarrollo,positivo
2236,wiñarikpukyu, fuente- vertiente,positivo
2237,wiñarina, desarrollar,positivo
2238,wiñay, siempre,positivo
2239,wiñay kawsay kallaripi rurayta kamay, arqueología,positivo
2240,wiñay kawsaykallaripi ruraytakamay, arqueología,positivo
2241,wiñaykawsay, historia,positivo
2242,wiñaykawsay imakuna, hechos históricos,positivo
2243,wiñaykawsay kallariy, prehistoria,positivo
2244,wiñaykaysay kallari, inicio de la historia prehistoria,positivo
2245,yachakuna, aprender,positivo
2246,yachana, saber,positivo
2247,yachana wasi, escuela,positivo
2248,yachapayay, dramatización,positivo
2249,yachapayay, dramatización,positivo
2250,yachariy, estar acostumbrado,positivo
2251,yachay, ciencia- educación,positivo
2252,yachay pampa, area,positivo
2253,yachay ñan, proceso metodológico,positivo
2254,yachayay, enterarse,positivo
2255,yachaykamachik, ley de educación,positivo
2256,yachaykancha, área,positivo
2257,yachaykuna, sabiduría,positivo
2258,yachaypa hillay, material didáctico,positivo
2259,yachaypak hillay, recurso didáctico,positivo
2260,yachayruray, práctica,positivo
2261,yachayshuti, título,positivo
2262,yachayta taripana, dominio del conocimiento,positivo
2263,yachayta taripay, dominio del conocimiento,positivo
2264,yachayta wallpay, creación del conocimiento,positivo
2265,yachayta willana, socialización del conocimiento,positivo
2266,yachayta wiñachiy, creación del conocimiento,positivo
2267,yachaywa, tema,positivo
2268,yachaywa, tema,positivo
2269,yachaywan rurana, aplicación del conocimiento,positivo
2270,yachayyuyay, teoría,positivo
2271,yachayñan, metodología,positivo
2272,yaksina, fundir,positivo
2273,yaksishka, fundido,positivo
2274,yaku, agua,positivo
2275,yaku ishpa, orina,positivo
2276,yaku larka, canal de riego,positivo
2277,yaku shunku, hígado,positivo
2278,yakuhampik chuyayachik yachuchik, cloración del agua,positivo
2279,yakukamay, hidrografía,positivo
2280,yakumuyuyallpa, isla tierra rodeade de agua,positivo
2281,yakushushuy, decantación,positivo
2282,yakuyachik, disolvente,positivo
2283,yakuyachina, disolver,negativo
2284,yakuyachiy, derretir,negativo
2285,yakuyakkuri, golfo,positivo
2286,yakuyashka, líquido,positivo
2287,yakwallpa, anfibios,positivo
2288,yalli paktachik, complemento directo,positivo
2289,yalli paktachik yp, complemento directo,positivo
2290,yallichawpiyak, moda,positivo
2291,yallilutsayak, proporción geométrica o directa,positivo
2292,yallimanya, cateto mayor,positivo
2293,yallishka, mayor que,positivo
2294,yallishka pacha, tiempo pasado,positivo
2295,yalliyak pakiyupay, fracción inpropia,positivo
2296,yana sara, maíz negro,positivo
2297,yana shunku, riñón,positivo
2298,yana yana, negro intenso,positivo
2299,yanakuna, servidumbre,negativo
2300,yanantina, aporcar,positivo
2301,yanapak wasi, agencia de desarrollo,positivo
2302,yanapak wasikuna, instituciones,positivo
2303,yanapana, ayudar,positivo
2304,yanapanka, servicio,positivo
2305,yanapay, servicio- servir,positivo
2306,yanapayana, solidarizar,positivo
2307,yanapayaymanta, solidadaridad,positivo
2308,yankakapak, politiquero,negativo
2309,yankakichuna, invadir,negativo
2310,yankakichuy, invasión,negativo
2311,yankichik, agentes,negativo
2312,yankina, modificar,positivo
2313,yankina, cambiar,positivo
2314,yankinachik, agente modificador,positivo
2315,yankiy, cambio,positivo
2316,yanuna, cocinar,positivo
2317,yanuna uku, cocina,positivo
2318,yapa tantachiy, conjunto unión,positivo
2319,yapakullki, monto,positivo
2320,yapakullkina, usura,positivo
2321,yapakutinchiklla, frecuencia acumulada,positivo
2322,yapalutsay, proporcionalidad directa,positivo
2323,yaparikkuna, sumandos,positivo
2324,yapatantachi, unión de conjuntos.,positivo
2325,yapuk, arador,positivo
2326,yari, sentido,positivo
2327,yariyachina, percibir,positivo
2328,yarkay, hambre,negativo
2329,yawar, sangre,positivo
2330,yawar ayllunikiyashka, grados de consanguinidad,positivo
2331,yawar muyuri, circulación de sangre,positivo
2332,yawarchakruri, mestizaje,positivo
2333,yawarmuyuriy, circulatorio sanguíneo,positivo
2334,yawarpuriy, presión arterial,positivo
2335,yawati, tortuga,positivo
2336,yawatisuyu, región insular galápagos,positivo
2337,yawri, aguja,positivo
2338,yaya, padre,positivo
2339,yaya, papá- padre,positivo
2340,yaykuchiy, introducción física,positivo
2341,yaykuna, entrar,positivo
2342,yukuna, aparear,positivo
2343,yuma, semen,positivo
2344,yumariy, unirse sexualmente,positivo
2345,yumay, semen,positivo
2346,yupachay, cortesía,positivo
2347,yupachi, conteo,positivo
2348,yupana, contar,positivo
2349,yupay chani, valor absoluto o numérico,positivo
2350,yupaychana, agradecer,positivo
2351,yupaychani, gracias,positivo
2352,yupaykamay, matemática,positivo
2353,yupaykamay hillaykuna, materiales didácticos de la matemática,positivo
2354,yupaykamaychi, sistema numérico,positivo
2355,yupaykamaychi yuyay, pensamiento lógico matemático,positivo
2356,yupaykamayuk, matemático,positivo
2357,yupaykuna, los números,positivo
2358,yupaykuska, recta numérica,positivo
2359,yupaylli, cuenta bancaria,positivo
2360,yupaymillka, esquema numérico,positivo
2361,yupaynikichik, calculadora,positivo
2362,yupaypurachi, razón,positivo
2363,yupayrurayri, operación numérica o aritmética,positivo
2364,yura, planta,positivo
2365,yurak, blanco,positivo
2366,yurak sara, maíz blanco,positivo
2367,yurak shunku, pulmón,positivo
2368,yurakamak, forestal,positivo
2369,yurakuna, plantas,positivo
2370,yutay, influencia,positivo
2371,yuyakillkalla, carta,positivo
2372,yuyakyashka, vejez,positivo
2373,yuyana, pensar,positivo
2374,yuyarikkuna, reflexiones,positivo
2375,yuyarina, reflexionar,positivo
2376,yuyasha, cautela,positivo
2377,yuyay, pensamieto,positivo
2378,yuyay awariy, sintaxis,positivo
2379,yuyay kaspi, línea imaginaria,positivo
2380,yuyay paktay, unidad de criterio,positivo
2381,yuyay rurayri, problemas razonados,positivo
2382,yuyaychipukllay, rompecabezas,positivo
2383,yuyaynikik, software,positivo
2384,yuyaynina, opinar,positivo
2385,yuyaypaktana, concertar,positivo
2386,yuyayrikuchik, determinación o definición,positivo
2387,yuyayrina, concentrar,positivo
2388,yuyayrina, concentrar mental ,positivo
2389,yuyu, nabo,positivo
2390,zampu, sambo- calabaza,positivo
2391,zirmaputulli, bateria- pila,positivo
2392,ñachu, ya está- ya es,positivo
2393,ñakariy, pasión de placer,positivo
2394,ñankamu, guía,positivo
2395,ñankamu, guía didáctica,positivo
2396,ñapash shamuna pacha, futuro inmediato,positivo
2397,ñawchina, auxiliar- cooperar- influenciar- contribuir,positivo
2398,ñawchina, auxiliar,positivo
2399,ñawi, cara- rostro,positivo
2400,ñawi chakata, glándula pineal,positivo
2401,ñawi chichu, mejilla,positivo
2402,ñawi lulun, ojo,positivo
2403,ñawi millma, pestaña,positivo
2404,ñawi pata millma, ceja,positivo
2405,ñawirina, leer,positivo
2406,killkakatina, leer,positivo
2407,ñawpa, delante tiempo,positivo
2408,ñawpa kawsay pacha, eras antiguas,positivo
2409,ñawpa pachak, largos siglos,positivo
2410,ñawpa uma tullu, hueso frontal del cráneo,positivo
2411,ñawpak, principales,positivo
2412,ñawpakawsay imarikuchi kunakamay, vestigios arqueológicos,positivo
2413,ñawpakawsayimarikuchi kunakamay, vestigios arqueológicos,positivo
2414,ñawpana, adelantar,positivo
2415,ñawpanchina, promover,positivo
2416,ñawpanchina, promover,positivo
2417,ñawpapacha, paleolítico,positivo
2418,ñawparimay, mito- cuento- leyenda,positivo
2419,ñaña, hermana entre hermanas,positivo
2420,ñañakay, hermandad entre mujeres,positivo
2421,ñañu, delgado,positivo
2422,ñañu chunchulli, intestino delgado,positivo
2423,ñuka, yo- mio- mia,positivo
2424,ñukanchik, nosotras - nosotros,positivo
2425,ñukanchikpa, nuestro- nuestra,positivo
2426,ñukapa yuyaymanta, de mi consideración,positivo
2427,ñukik, sensual,positivo
2428,ñunu, leche,positivo
2429,ñutalla, sutil,positivo
2430,ñutku, seso,positivo
2431,ñutu, suave- blando,positivo
2432,ñutuñachina, ablandar,positivo
2433,purikunkuy,epidemia,negativo
2434,killpana,cubrir,positivo
2435,sakru,esqueleto,neutro
2436,pukushka,producto,neutro
2437,kitukara,"poncho, alargado y entero",neutro
2438,kikinkuna,ustedes / vosotros,neutro
2439,challay,ofrenda,positivo
2440,illu,certificado,positivo
2441,mana tiyana,"no haber, ausentar",negativo
2442,kanchisri,semana,negativo
2443,hatun tayta,abuelo,neutro
2444,isma,caca,negativo
2445,kinchana,cercar,neutro
2446,churipakchuri,nieto,neutro
2447,shara,"partido, resquebrajado",negativo
2448,rakina,partir,negativo
2449,wilkay,hawkay,neutro
2450,wilkay,rito,neutro
2451,allpa llankay,agricultura,positivo
2452,mushukyay,cruzamiento,neutro
2453,ukku,"carne, cuerpo",neutro
2454,ñawpa kawsakkuna,antepasados,neutro
2455,yacharina,adaptar,positivo
2456,alliman,derecho,positivo
2457,punchamanta),aclarar,positivo
2458,yuyaymanta,aclarar,positivo
2459,achik tayta,padrino,neutro
2460,tiyarina,mueble,neutro
2461,kashtuna,mandíbula-quijada,neutro
2462,kachikampu,armadillo,neutro
2463,pukchi,libra,neutro
2464,killuchakay,carbohidrato,positivo
2465,ñuku,basura,negativo
2466,chanpa,terrón,neutro
2467,putuk,enano,neutro
2468,pawana,saltar,neutro
2469,hamutayana,analizar,positivo
2470,ukapa,cuartilla,neutro
2471,latayta,padrastro,neutro
2472,wallpa,estructura,neutro
2473,watana,manilla-pulsera,neutro
2474,raymana,importancia,neutro
2475,maychaniy,importancia,positivo
2476,mati,plato de madera,neutro
2477,mikuna,alimento,positivo
2478,llanwana,palpar,neutro
2479,killka cuadro sinóptico,positivo
2480,añawi,fruto,positivo
2481,kipakrikuna,prever,positivo
2482,rupariy,combustión,neutro
2483,sayllachik,reloj,neutro
2484,waskariklla,ritmo,positivo
2485,añallu,insecto,neutro
2486,itha,insecto,neutro
2487,patpayuk,ave,neutro
2488,kuchuna,cortar,neutro
2489,chuskulli pukcha,arroba,neutro
2490,hatki,ácido,neutro
2491,putuku,espuma,neutro
2492,ayni,reciprocidad,positivo
2493,kaynapak kayna, anteayer,neutro
2494,imakay, característica,neutro
2495,uki,café color,neutro
2496,kiwi,caféplanta,neutro
2497,rikchalla, parecido a,neutro
2498,chawpi ruka, dedo del corazón- dedo del medio,neutro
2499,llaktapak shutipi,representación,neutro
2500,siki chupa tullu, coxis,positivo
2501,muchana, respetar,positivo
2502,tsunkana, absorber,positivo
2503,karachi, fibracabuyo,neutro
2504,pakpa,fibracabuyo,neutro
2505,tiyu tayta, tío,positivo
2506,putu, tronco,positivo
2507,puchukana, consumir,positivo
2508,atiy, poder,positivo
2509,charina, adquirir,positivo
2510,pakarina, nacer,positivo
2511,pakariy, nacimiento,positivo
2512,pampawarmi, prostituta,negativo
2513,chachu, astro,positivo
2514,imashi, adivinar,positivo
2515,wayramaytu, atmósfera,positivo
2516,muchana, adorar- venerar,positivo
2517,lumyay, llamarada,negativo
2518,llama, oveja,positivo
2519,hatun hallmana, aporcar,positivo
2520,kutuna, aporcar,positivo
2521,shukmanyachina, cambiar,positivo
2522,tayta, papá- padre,positivo
2523,satiy, introducción física,positivo
2524,yumana, aparear,positivo
2525,panra, nabo,positivo
2526,yanapana, auxiliar,positivo
2527,watakuna, largos siglos,positivo
2528,amuk, suave- blando,positivo
2529,hatun mamita,abuelita,positivo
